Passo,ValorCentral,Tempo
0,1.00000,0.051765654
1,0.99999,0.050222708
2,0.99998,0.050180068
3,0.99996,0.050178906
4,0.99994,0.050172584
5,0.99991,0.050180739
6,0.99988,0.050182523
7,0.99983,0.050239078
8,0.99979,0.050152476
9,0.99973,0.050174708
10,0.99967,0.050190719
11,0.99961,0.050166403
12,0.99954,0.050177163
13,0.99946,0.050177223
14,0.99938,0.050181991
15,0.99930,0.050190297
16,0.99920,0.050188333
17,0.99911,0.050184607
18,0.99900,0.050187692
19,0.99889,0.050205917
20,0.99878,0.050172394
21,0.99866,0.050171963
22,0.99853,0.050178646
23,0.99840,0.050173977
24,0.99827,0.050278873
25,0.99813,0.050190508
26,0.99798,0.050339227
27,0.99783,0.050188584
28,0.99767,0.050173906
29,0.99751,0.050177072
30,0.99734,0.050176412
31,0.99717,0.050182873
32,0.99699,0.050159710
33,0.99681,0.050151264
34,0.99662,0.050173946
35,0.99643,0.050201428
36,0.99623,0.050196660
37,0.99603,0.050200066
38,0.99582,0.050216336
39,0.99561,0.050319400
40,0.99539,0.050236504
41,0.99517,0.050183685
42,0.99494,0.050212298
43,0.99471,0.050243327
44,0.99448,0.050222778
45,0.99424,0.050191670
46,0.99399,0.050167134
47,0.99374,0.050179116
48,0.99348,0.050182242
49,0.99322,0.050182253
50,0.99296,0.050188344
51,0.99269,0.050163156
52,0.99242,0.050185067
53,0.99214,0.050215264
54,0.99186,0.050183474
55,0.99157,0.050178014
56,0.99128,0.050187442
57,0.99098,0.050177042
58,0.99068,0.050171041
59,0.99038,0.050170269
60,0.99007,0.050173767
61,0.98975,0.050179246
62,0.98944,0.050176061
63,0.98912,0.050175890
64,0.98879,0.050169438
65,0.98846,0.050186710
66,0.98812,0.050191439
67,0.98779,0.050182743
68,0.98744,0.050192050
69,0.98710,0.050177763
70,0.98674,0.050173586
71,0.98639,0.050184716
72,0.98603,0.050205155
73,0.98567,0.050191810
74,0.98530,0.050216166
75,0.98493,0.050181651
76,0.98455,0.050182192
77,0.98418,0.050182051
78,0.98379,0.050173025
79,0.98341,0.050250400
80,0.98302,0.050185458
81,0.98262,0.050195548
82,0.98222,0.050187412
83,0.98182,0.050186460
84,0.98142,0.050177383
85,0.98101,0.050183745
86,0.98059,0.050176461
87,0.98018,0.050153258
88,0.97976,0.050169499
89,0.97933,0.050171953
90,0.97890,0.050176892
91,0.97847,0.050215825
92,0.97804,0.050198903
93,0.97760,0.050184847
94,0.97716,0.050188685
95,0.97671,0.050194064
96,0.97626,0.050210284
97,0.97581,0.050171552
98,0.97536,0.050186059
99,0.97490,0.050180368
100,0.97444,0.050187532
101,0.97397,0.050214733
102,0.97350,0.050184085
103,0.97303,0.050170600
104,0.97255,0.050191950
105,0.97208,0.050184246
106,0.97159,0.050186430
107,0.97111,0.050182282
108,0.97062,0.050183345
109,0.97013,0.050177593
110,0.96963,0.050184065
111,0.96914,0.050191530
112,0.96863,0.050186430
113,0.96813,0.050176612
114,0.96762,0.050194065
115,0.96711,0.050211487
116,0.96660,0.050198592
117,0.96608,0.050243056
118,0.96557,0.050294713
119,0.96504,0.050373771
120,0.96452,0.050535785
121,0.96399,0.050516810
122,0.96346,0.050609123
123,0.96293,0.050738797
124,0.96239,0.050737123
125,0.96185,0.050669437
126,0.96131,0.050770436
127,0.96076,0.050811022
128,0.96022,0.050781517
129,0.95967,0.050760788
130,0.95911,0.050772630
131,0.95856,0.050829688
132,0.95800,0.050802376
133,0.95744,0.050779914
134,0.95687,0.050756129
135,0.95631,0.050736141
136,0.95574,0.050728868
137,0.95517,0.050721504
138,0.95459,0.050704893
139,0.95402,0.050693211
140,0.95344,0.050677812
141,0.95285,0.050693121
142,0.95227,0.050683543
143,0.95168,0.050671570
144,0.95109,0.050678534
145,0.95050,0.050645581
146,0.94991,0.050644440
147,0.94931,0.050649349
148,0.94871,0.050654388
149,0.94811,0.050640933
150,0.94751,0.050616157
151,0.94690,0.050621447
152,0.94630,0.050670659
153,0.94569,0.050598603
154,0.94507,0.050607490
155,0.94446,0.050589927
156,0.94384,0.050599595
157,0.94322,0.050599846
158,0.94260,0.050560451
159,0.94198,0.050585239
160,0.94135,0.050579428
161,0.94072,0.050620917
162,0.94009,0.050579755
163,0.93946,0.050545531
164,0.93883,0.050547635
165,0.93819,0.050567412
166,0.93755,0.050554428
167,0.93691,0.050537707
168,0.93627,0.050532336
169,0.93562,0.050550400
170,0.93498,0.050524952
171,0.93433,0.050517668
172,0.93368,0.050523730
173,0.93303,0.050544058
174,0.93237,0.050524651
175,0.93172,0.050512539
176,0.93106,0.050505696
177,0.93040,0.050491189
178,0.92974,0.050525594
179,0.92907,0.050512549
180,0.92841,0.050495236
181,0.92774,0.050469548
182,0.92707,0.050483475
183,0.92640,0.050510956
184,0.92573,0.050487132
185,0.92506,0.050479717
186,0.92438,0.050468476
187,0.92370,0.050515214
188,0.92302,0.050509483
189,0.92234,0.050487091
190,0.92166,0.050448419
191,0.92098,0.050449531
192,0.92029,0.050480018
193,0.91960,0.050500627
194,0.91892,0.050463918
195,0.91822,0.050477704
196,0.91753,0.050450723
197,0.91684,0.050520023
198,0.91614,0.050616644
199,0.91545,0.050497921
200,0.91475,0.050443249
201,0.91405,0.050473916
202,0.91335,0.050507249
203,0.91265,0.050497631
204,0.91194,0.050463798
205,0.91124,0.050438160
206,0.91053,0.050409516
207,0.90982,0.050428932
208,0.90911,0.050447678
209,0.90840,0.050434162
210,0.90769,0.050425876
211,0.90697,0.050391863
212,0.90626,0.050398555
213,0.90554,0.050424655
214,0.90482,0.050424063
215,0.90411,0.050420606
216,0.90339,0.050402803
217,0.90266,0.050375762
218,0.90194,0.050403103
219,0.90122,0.050426608
220,0.90049,0.050415297
221,0.89976,0.050397042
222,0.89904,0.050403865
223,0.89831,0.050384679
224,0.89758,0.050357899
225,0.89685,0.050387194
226,0.89611,0.050370742
227,0.89538,0.050591157
228,0.89465,0.050356436
229,0.89391,0.050373478
230,0.89317,0.050362958
231,0.89244,0.050338483
232,0.89170,0.050380190
233,0.89096,0.050390860
234,0.89022,0.050351397
235,0.88947,0.050365393
236,0.88873,0.050349874
237,0.88799,0.050375031
238,0.88724,0.050358510
239,0.88650,0.050346437
240,0.88575,0.050361195
241,0.88500,0.050358259
242,0.88425,0.050333994
243,0.88350,0.050342490
244,0.88275,0.050355565
245,0.88200,0.050396752
246,0.88125,0.050314728
247,0.88049,0.050351286
248,0.87974,0.050320148
249,0.87899,0.050329806
250,0.87823,0.050346107
251,0.87747,0.050333744
252,0.87671,0.050354632
253,0.87596,0.050343782
254,0.87520,0.050333773
255,0.87444,0.050304519
256,0.87368,0.050322834
257,0.87291,0.050320759
258,0.87215,0.050315189
259,0.87139,0.050344985
260,0.87062,0.050301844
261,0.86986,0.050318685
262,0.86909,0.050292697
263,0.86833,0.050320700
264,0.86756,0.050331529
265,0.86679,0.050301964
266,0.86603,0.050306853
267,0.86526,0.050286855
268,0.86449,0.050302915
269,0.86372,0.050313706
270,0.86295,0.050285022
271,0.86218,0.050293077
272,0.86140,0.050345776
273,0.86063,0.050291183
274,0.85986,0.050318976
275,0.85908,0.050293909
276,0.85831,0.050305991
277,0.85754,0.050306001
278,0.85676,0.050326761
279,0.85598,0.050318534
280,0.85521,0.050313025
281,0.85443,0.050358290
282,0.85365,0.050329535
283,0.85288,0.050282909
284,0.85210,0.050293899
285,0.85132,0.050262369
286,0.85054,0.050353981
287,0.84976,0.050255567
288,0.84898,0.050267710
289,0.84820,0.050289140
290,0.84742,0.050268351
291,0.84663,0.050253373
292,0.84585,0.050266217
293,0.84507,0.050239257
294,0.84429,0.050247832
295,0.84350,0.050253443
296,0.84272,0.050261197
297,0.84194,0.050257170
298,0.84115,0.050258693
299,0.84037,0.050256619
300,0.83958,0.050253182
301,0.83880,0.050254054
302,0.83801,0.050242291
303,0.83722,0.050248224
304,0.83644,0.050238836
305,0.83565,0.050235459
306,0.83486,0.050256198
307,0.83408,0.050264483
308,0.83329,0.050234868
309,0.83250,0.050237944
310,0.83171,0.050232483
311,0.83092,0.050254785
312,0.83013,0.050234708
313,0.82935,0.050227625
314,0.82856,0.050243815
315,0.82777,0.050235209
316,0.82698,0.050234627
317,0.82619,0.050213779
318,0.82540,0.050220661
319,0.82461,0.050226583
320,0.82382,0.050231933
321,0.82303,0.050231251
322,0.82223,0.050237112
323,0.82144,0.050236702
324,0.82065,0.050241070
325,0.81986,0.050198780
326,0.81907,0.050219119
327,0.81828,0.050227044
328,0.81749,0.050210822
329,0.81669,0.050229689
330,0.81590,0.050243174
331,0.81511,0.050230540
332,0.81432,0.050225510
333,0.81353,0.050243695
334,0.81273,0.050206215
335,0.81194,0.050231983
336,0.81115,0.050216744
337,0.81036,0.050215331
338,0.80956,0.050199362
339,0.80877,0.050187158
340,0.80798,0.050203319
341,0.80719,0.050196597
342,0.80639,0.050214941
343,0.80560,0.050198770
344,0.80481,0.050226673
345,0.80402,0.050208218
346,0.80322,0.050211334
347,0.80243,0.050215521
348,0.80164,0.050208728
349,0.80084,0.050200764
350,0.80005,0.050229247
351,0.79926,0.050206875
352,0.79847,0.050203359
353,0.79767,0.050192528
354,0.79688,0.050215101
355,0.79609,0.050214109
356,0.79530,0.050254916
357,0.79450,0.050259445
358,0.79371,0.050237323
359,0.79292,0.050215802
360,0.79213,0.050232484
361,0.79133,0.050248253
362,0.79054,0.050214780
363,0.78975,0.050183552
364,0.78896,0.050192579
365,0.78817,0.050215671
366,0.78738,0.050162733
367,0.78658,0.050162903
368,0.78579,0.050169505
369,0.78500,0.050179425
370,0.78421,0.050205583
371,0.78342,0.050207166
372,0.78263,0.050181307
373,0.78184,0.050190485
374,0.78105,0.050175196
375,0.78026,0.050187569
376,0.77947,0.050200403
377,0.77868,0.050188010
378,0.77789,0.050186398
379,0.77710,0.050199141
380,0.77631,0.050202888
381,0.77552,0.050213468
382,0.77473,0.050179334
383,0.77394,0.050178032
384,0.77315,0.050174636
385,0.77237,0.050192809
386,0.77158,0.050198871
387,0.77079,0.050184313
388,0.77000,0.050185585
389,0.76922,0.050201917
390,0.76843,0.050207167
391,0.76764,0.050229568
392,0.76685,0.050170598
393,0.76607,0.050179865
394,0.76528,0.050175276
395,0.76450,0.050185496
396,0.76371,0.050180235
397,0.76293,0.050183532
398,0.76214,0.050192870
399,0.76136,0.050174064
400,0.76057,0.050276336
401,0.75979,0.050188702
402,0.75900,0.050190154
403,0.75822,0.050194853
404,0.75744,0.050185566
405,0.75665,0.050166400
406,0.75587,0.050175076
407,0.75509,0.050198309
408,0.75431,0.050183522
409,0.75353,0.050195374
410,0.75275,0.050170176
411,0.75196,0.050164587
412,0.75118,0.050202137
413,0.75040,0.050190165
414,0.74962,0.050174195
415,0.74884,0.050162693
416,0.74807,0.050172671
417,0.74729,0.050199863
418,0.74651,0.050179414
419,0.74573,0.050180857
420,0.74495,0.050175747
421,0.74418,0.050190235
422,0.74340,0.050178473
423,0.74262,0.050187730
424,0.74185,0.050168574
425,0.74107,0.050190926
426,0.74030,0.050194322
427,0.73952,0.050193861
428,0.73875,0.050191947
429,0.73797,0.050203569
430,0.73720,0.050191557
431,0.73643,0.050203830
432,0.73565,0.050209360
433,0.73488,0.050212345
434,0.73411,0.050215873
435,0.73334,0.050203309
436,0.73257,0.050231542
437,0.73179,0.050234738
438,0.73102,0.050192409
439,0.73025,0.050200444
440,0.72949,0.050232704
441,0.72872,0.050246941
442,0.72795,0.050184965
443,0.72718,0.050175547
444,0.72641,0.050171480
445,0.72565,0.050212206
446,0.72488,0.050201706
447,0.72411,0.050198530
448,0.72335,0.050191958
449,0.72258,0.050160128
450,0.72182,0.050157332
451,0.72105,0.050176639
452,0.72029,0.050191136
453,0.71953,0.050167361
454,0.71876,0.050205363
455,0.71800,0.050191677
456,0.71724,0.050179905
457,0.71648,0.050192048
458,0.71572,0.050185486
459,0.71496,0.050188260
460,0.71420,0.050181428
461,0.71344,0.050184704
462,0.71268,0.050177691
463,0.71192,0.050169956
464,0.71117,0.050184894
465,0.71041,0.050187089
466,0.70965,0.050163764
467,0.70890,0.050176919
468,0.70814,0.050182220
469,0.70739,0.050179795
470,0.70663,0.050220672
471,0.70588,0.050174826
472,0.70512,0.050165718
473,0.70437,0.050190505
474,0.70362,0.050194282
475,0.70287,0.050182500
476,0.70212,0.050167381
477,0.70137,0.050176969
478,0.70062,0.050174185
479,0.69987,0.050174034
480,0.69912,0.050173463
481,0.69837,0.050170207
482,0.69762,0.050189974
483,0.69687,0.050178874
484,0.69613,0.050176639
485,0.69538,0.050186006
486,0.69464,0.050180005
487,0.69389,0.050187759
488,0.69315,0.050186798
489,0.69240,0.050176999
490,0.69166,0.050167802
491,0.69092,0.050221192
492,0.69018,0.050191606
493,0.68943,0.050153114
494,0.68869,0.050178032
495,0.68795,0.050177009
496,0.68721,0.050177340
497,0.68648,0.050169165
498,0.68574,0.050183923
499,0.68500,0.050184032
500,0.68426,0.050203700
501,0.68353,0.050177891
502,0.68279,0.050168724
503,0.68205,0.050166130
504,0.68132,0.050166480
505,0.68059,0.050189664
506,0.67985,0.050189693
507,0.67912,0.050179354
508,0.67839,0.050184163
509,0.67766,0.050201074
510,0.67692,0.050186277
511,0.67619,0.050156140
512,0.67546,0.050150931
513,0.67474,0.050156811
514,0.67401,0.050190795
515,0.67328,0.050211524
516,0.67255,0.050204972
517,0.67183,0.050220531
518,0.67110,0.050227915
519,0.67037,0.050208228
520,0.66965,0.050229629
521,0.66893,0.050246750
522,0.66820,0.050182921
523,0.66748,0.050203379
524,0.66676,0.050171960
525,0.66604,0.050188992
526,0.66532,0.050170167
527,0.66460,0.050175827
528,0.66388,0.050178412
529,0.66316,0.050174805
530,0.66244,0.050193821
531,0.66172,0.050181899
532,0.66100,0.050172831
533,0.66029,0.050169646
534,0.65957,0.050193521
535,0.65886,0.050189302
536,0.65814,0.050188401
537,0.65743,0.050169315
538,0.65672,0.050170787
539,0.65601,0.050177971
540,0.65529,0.050164867
541,0.65458,0.050177760
542,0.65387,0.050168314
543,0.65316,0.050190886
544,0.65246,0.050176810
545,0.65175,0.050173914
546,0.65104,0.050175897
547,0.65033,0.050171359
548,0.64963,0.050267118
549,0.64892,0.050185906
550,0.64822,0.050172281
551,0.64751,0.050184223
552,0.64681,0.050172541
553,0.64611,0.050178853
554,0.64541,0.050204431
555,0.64470,0.050164766
556,0.64400,0.050185365
557,0.64330,0.050176369
558,0.64261,0.050168964
559,0.64191,0.050190295
560,0.64121,0.050209791
561,0.64051,0.050192729
562,0.63982,0.050189893
563,0.63912,0.050138327
564,0.63843,0.050196736
565,0.63773,0.050191326
566,0.63704,0.050174655
567,0.63634,0.050177160
568,0.63565,0.050193661
569,0.63496,0.050182039
570,0.63427,0.050175317
571,0.63358,0.050181187
572,0.63289,0.050182740
573,0.63220,0.050184483
574,0.63151,0.050187309
575,0.63083,0.050199562
576,0.63014,0.050188561
577,0.62945,0.050173563
578,0.62877,0.050184945
579,0.62809,0.050187619
580,0.62740,0.050181177
581,0.62672,0.050169836
582,0.62604,0.050174335
583,0.62536,0.050171008
584,0.62467,0.050178693
585,0.62399,0.050175937
586,0.62332,0.050169966
587,0.62264,0.050168093
588,0.62196,0.050182340
589,0.62128,0.050199432
590,0.62060,0.050177922
591,0.61993,0.050175046
592,0.61925,0.050178562
593,0.61858,0.050193792
594,0.61791,0.050199882
595,0.61723,0.050224218
596,0.61656,0.050219019
597,0.61589,0.050209450
598,0.61522,0.050188752
599,0.61455,0.050221884
600,0.61388,0.050234717
601,0.61321,0.050225972
602,0.61254,0.050188071
603,0.61188,0.050174534
604,0.61121,0.050182951
605,0.61054,0.050186879
606,0.60988,0.050181748
607,0.60922,0.050183803
608,0.60855,0.050180386
609,0.60789,0.050263763
610,0.60723,0.050271287
611,0.60657,0.050218107
612,0.60591,0.050175086
613,0.60525,0.050177911
614,0.60459,0.050176388
615,0.60393,0.050146713
616,0.60327,0.050165809
617,0.60261,0.050162683
618,0.60196,0.050178272
619,0.60130,0.050187740
620,0.60065,0.050182479
621,0.59999,0.050174055
622,0.59934,0.050185596
623,0.59869,0.050173634
624,0.59804,0.050184784
625,0.59739,0.050186999
626,0.59674,0.050174535
627,0.59609,0.050181709
628,0.59544,0.050182781
629,0.59479,0.050145651
630,0.59414,0.050205754
631,0.59350,0.050173162
632,0.59285,0.050183732
633,0.59220,0.050173313
634,0.59156,0.050169445
635,0.59092,0.050179184
636,0.59027,0.050172531
637,0.58963,0.050332822
638,0.58899,0.050201465
639,0.58835,0.050155510
640,0.58771,0.050196346
641,0.58707,0.050191336
642,0.58643,0.050185956
643,0.58580,0.050166971
644,0.58516,0.050163425
645,0.58452,0.050170547
646,0.58389,0.050145099
647,0.58325,0.050183953
648,0.58262,0.050206525
649,0.58198,0.050188351
650,0.58135,0.050192869
651,0.58072,0.050178832
652,0.58009,0.050172161
653,0.57946,0.050181388
654,0.57883,0.050198139
655,0.57820,0.050185936
656,0.57757,0.050182941
657,0.57695,0.050181067
658,0.57632,0.050174244
659,0.57569,0.050181549
660,0.57507,0.050155860
661,0.57444,0.050166119
662,0.57382,0.050184002
663,0.57320,0.050180657
664,0.57258,0.050186027
665,0.57195,0.050187189
666,0.57133,0.050200603
667,0.57071,0.050174044
668,0.57009,0.050171680
669,0.56948,0.050195645
670,0.56886,0.050187790
671,0.56824,0.050161470
672,0.56762,0.050199723
673,0.56701,0.050195314
674,0.56639,0.050190495
675,0.56578,0.050243304
676,0.56517,0.050231271
677,0.56456,0.050184613
678,0.56394,0.050200604
679,0.56333,0.050214941
680,0.56272,0.050234026
681,0.56211,0.050190625
682,0.56150,0.050176819
683,0.56090,0.050173824
684,0.56029,0.050182059
685,0.55968,0.050174514
686,0.55908,0.050171028
687,0.55847,0.050172281
688,0.55787,0.050172972
689,0.55726,0.050187830
690,0.55666,0.050184985
691,0.55606,0.050190224
692,0.55546,0.050203189
693,0.55486,0.050192308
694,0.55426,0.050187539
695,0.55366,0.050177851
696,0.55306,0.050191016
697,0.55246,0.050189764
698,0.55186,0.050162573
699,0.55127,0.050150189
700,0.55067,0.050180837
701,0.55008,0.050213528
702,0.54948,0.050172892
703,0.54889,0.050178061
704,0.54830,0.050219259
705,0.54771,0.050177160
706,0.54711,0.050180867
707,0.54652,0.050178763
708,0.54593,0.050178733
709,0.54535,0.050187269
710,0.54476,0.050200103
711,0.54417,0.050203108
712,0.54358,0.050190745
713,0.54300,0.050170788
714,0.54241,0.050175597
715,0.54183,0.050177010
716,0.54124,0.050199512
717,0.54066,0.050189984
718,0.54008,0.050191126
719,0.53950,0.050183391
720,0.53892,0.050167963
721,0.53834,0.050178623
722,0.53776,0.050180856
723,0.53718,0.050175848
724,0.53660,0.050173744
725,0.53602,0.050152404
726,0.53545,0.050150410
727,0.53487,0.050163514
728,0.53430,0.050169786
729,0.53372,0.050184042
730,0.53315,0.050175967
731,0.53257,0.050194162
732,0.53200,0.050192589
733,0.53143,0.050181698
734,0.53086,0.050182811
735,0.53029,0.050182330
736,0.52972,0.050177841
737,0.52915,0.050182250
738,0.52859,0.050205313
739,0.52802,0.050195655
740,0.52745,0.050160719
741,0.52689,0.050240519
742,0.52632,0.050178001
743,0.52576,0.050202478
744,0.52519,0.050199541
745,0.52463,0.050194462
746,0.52407,0.050180807
747,0.52351,0.050188030
748,0.52295,0.050186367
749,0.52239,0.050195865
750,0.52183,0.050188081
751,0.52127,0.050173322
752,0.52071,0.050205343
753,0.52016,0.050219079
754,0.51960,0.050201656
755,0.51904,0.050230831
756,0.51849,0.050229668
757,0.51794,0.050187028
758,0.51738,0.050203349
759,0.51683,0.050234196
760,0.51628,0.050236522
761,0.51573,0.050186888
762,0.51518,0.050181668
763,0.51463,0.050172471
764,0.51408,0.050180526
765,0.51353,0.050205833
766,0.51298,0.050206996
767,0.51243,0.050185225
768,0.51189,0.050190194
769,0.51134,0.050178813
770,0.51080,0.050183682
771,0.51025,0.050181829
772,0.50971,0.050191928
773,0.50917,0.050182039
774,0.50862,0.050181247
775,0.50808,0.050189303
776,0.50754,0.050184764
777,0.50700,0.050174375
778,0.50646,0.050156762
779,0.50592,0.050196335
780,0.50539,0.050169395
781,0.50485,0.050188120
782,0.50431,0.050185566
783,0.50378,0.050189503
784,0.50324,0.050174564
785,0.50271,0.050194913
786,0.50218,0.050184774
787,0.50164,0.050177690
788,0.50111,0.050199562
789,0.50058,0.050195064
790,0.50005,0.050177410
791,0.49952,0.050174024
792,0.49899,0.050172311
793,0.49846,0.050184884
794,0.49793,0.050167131
795,0.49740,0.050185265
796,0.49688,0.050178923
797,0.49635,0.050185435
798,0.49583,0.050183922
799,0.49530,0.050181448
800,0.49478,0.050166680
801,0.49426,0.050176158
802,0.49373,0.050181087
803,0.49321,0.050176909
804,0.49269,0.050165417
805,0.49217,0.050155840
806,0.49165,0.050168043
807,0.49113,0.050175797
808,0.49061,0.050209681
809,0.49009,0.050195524
810,0.48958,0.050181688
811,0.48906,0.050156501
812,0.48855,0.050182430
813,0.48803,0.050193200
814,0.48752,0.050187499
815,0.48700,0.050220190
816,0.48649,0.050198520
817,0.48598,0.050188101
818,0.48547,0.050180156
819,0.48496,0.050189453
820,0.48445,0.050178412
821,0.48394,0.050181067
822,0.48343,0.050188712
823,0.48292,0.050174204
824,0.48241,0.050188190
825,0.48191,0.050199141
826,0.48140,0.050180185
827,0.48089,0.050165358
828,0.48039,0.050184193
829,0.47988,0.050205924
830,0.47938,0.050179263
831,0.47888,0.050194853
832,0.47838,0.050182390
833,0.47788,0.050213237
834,0.47737,0.050228045
835,0.47687,0.050232463
836,0.47638,0.050186768
837,0.47588,0.050191847
838,0.47538,0.050215862
839,0.47488,0.050306773
840,0.47438,0.050233145
841,0.47389,0.050287066
842,0.47339,0.050178202
843,0.47290,0.050208809
844,0.47240,0.050183101
845,0.47191,0.050175988
846,0.47142,0.050172321
847,0.47093,0.050184674
848,0.47043,0.050171640
849,0.46994,0.050185495
850,0.46945,0.050179114
851,0.46896,0.050173503
852,0.46848,0.050178553
853,0.46799,0.050130863
854,0.46750,0.050187830
855,0.46701,0.050197999
856,0.46653,0.050178673
857,0.46604,0.050187389
858,0.46556,0.050185195
859,0.46507,0.050195163
860,0.46459,0.050179163
861,0.46411,0.050186698
862,0.46362,0.050177079
863,0.46314,0.050182109
864,0.46266,0.050184283
865,0.46218,0.050193130
866,0.46170,0.050174304
867,0.46122,0.050178673
868,0.46074,0.050201686
869,0.46027,0.050211895
870,0.45979,0.050208409
871,0.45931,0.050189413
872,0.45884,0.050183542
873,0.45836,0.050186888
874,0.45789,0.050200623
875,0.45741,0.050210132
876,0.45694,0.050173513
877,0.45647,0.050209971
878,0.45600,0.050198419
879,0.45552,0.050186016
880,0.45505,0.050179243
881,0.45458,0.050168664
882,0.45411,0.050202939
883,0.45365,0.050183873
884,0.45318,0.050195384
885,0.45271,0.050165178
886,0.45224,0.050189963
887,0.45178,0.050189753
888,0.45131,0.050150420
889,0.45085,0.050176368
890,0.45038,0.050186577
891,0.44992,0.050172191
892,0.44946,0.050183151
893,0.44899,0.050178573
894,0.44853,0.050173593
895,0.44807,0.050209341
896,0.44761,0.050169485
897,0.44715,0.050170838
898,0.44669,0.050185345
899,0.44623,0.050182129
900,0.44577,0.050174114
901,0.44532,0.050188401
902,0.44486,0.050186607
903,0.44440,0.050179464
904,0.44395,0.050172982
905,0.44349,0.050175557
906,0.44304,0.050187258
907,0.44259,0.050174054
908,0.44213,0.050209491
909,0.44168,0.050173773
910,0.44123,0.050164196
911,0.44078,0.050168804
912,0.44033,0.050178302
913,0.43988,0.050180406
914,0.43943,0.050222114
915,0.43898,0.050255126
916,0.43853,0.050191617
917,0.43808,0.050198359
918,0.43763,0.050239026
919,0.43719,0.050248424
920,0.43674,0.050203048
921,0.43630,0.050234848
922,0.43585,0.050190555
923,0.43541,0.050197568
924,0.43497,0.050199662
925,0.43452,0.050143717
926,0.43408,0.050191537
927,0.43364,0.050175447
928,0.43320,0.050203800
929,0.43276,0.050185455
930,0.43232,0.050185276
931,0.43188,0.050188932
932,0.43144,0.050168754
933,0.43100,0.050179895
934,0.43057,0.050171389
935,0.43013,0.050179364
936,0.42969,0.050200824
937,0.42926,0.050185245
938,0.42882,0.050184945
939,0.42839,0.050190184
940,0.42795,0.050176919
941,0.42752,0.050173463
942,0.42709,0.050174475
943,0.42666,0.050176578
944,0.42623,0.050172040
945,0.42579,0.050145671
946,0.42536,0.050178252
947,0.42493,0.050176990
948,0.42451,0.050201585
949,0.42408,0.050180255
950,0.42365,0.050169987
951,0.42322,0.050173343
952,0.42280,0.050168924
953,0.42237,0.050189664
954,0.42194,0.050182730
955,0.42152,0.050170217
956,0.42109,0.050208138
957,0.42067,0.050190034
958,0.42025,0.050170427
959,0.41983,0.050145641
960,0.41940,0.050173833
961,0.41898,0.050172852
962,0.41856,0.050187008
963,0.41814,0.050175386
964,0.41772,0.050170708
965,0.41730,0.050173933
966,0.41688,0.050177380
967,0.41646,0.050186998
968,0.41605,0.050181668
969,0.41563,0.050188892
970,0.41521,0.050178893
971,0.41480,0.050214319
972,0.41438,0.050201305
973,0.41397,0.050197999
974,0.41355,0.050179995
975,0.41314,0.050175227
976,0.41273,0.050179695
977,0.41232,0.050182449
978,0.41190,0.050183912
979,0.41149,0.050184513
980,0.41108,0.050173092
981,0.41067,0.050181248
982,0.41026,0.050180596
983,0.40985,0.050206355
984,0.40945,0.050170717
985,0.40904,0.050197498
986,0.40863,0.050172020
987,0.40822,0.050179475
988,0.40782,0.050194282
989,0.40741,0.050203199
990,0.40701,0.050180396
991,0.40660,0.050182870
992,0.40620,0.050276546
993,0.40580,0.050201877
994,0.40539,0.050230600
995,0.40499,0.050228466
996,0.40459,0.050197668
997,0.40419,0.050220111
998,0.40379,0.050244617
999,0.40339,0.050249255
1000,0.40299,0.050200754
1001,0.40259,0.050197317
1002,0.40219,0.050185866
1003,0.40179,0.050193070
1004,0.40139,0.050182430
1005,0.40100,0.050170837
1006,0.40060,0.050185095
1007,0.40021,0.050184434
1008,0.39981,0.050198420
1009,0.39942,0.050179093
1010,0.39902,0.050196526
1011,0.39863,0.050182730
1012,0.39823,0.050194001
1013,0.39784,0.050186347
1014,0.39745,0.050189423
1015,0.39706,0.050184474
1016,0.39667,0.050175988
1017,0.39628,0.050178542
1018,0.39589,0.050165038
1019,0.39550,0.050160579
1020,0.39511,0.050145210
1021,0.39472,0.050171669
1022,0.39433,0.050171649
1023,0.39395,0.050189463
1024,0.39356,0.050203049
1025,0.39317,0.050174745
1026,0.39279,0.050179624
1027,0.39240,0.050167872
1028,0.39202,0.050176548
1029,0.39164,0.050168253
1030,0.39125,0.050174044
1031,0.39087,0.050171680
1032,0.39049,0.050164847
1033,0.39010,0.050187930
1034,0.38972,0.050144419
1035,0.38934,0.050175257
1036,0.38896,0.050167161
1037,0.38858,0.050177811
1038,0.38820,0.050168955
1039,0.38782,0.050146642
1040,0.38745,0.050176428
1041,0.38707,0.050170968
1042,0.38669,0.050220301
1043,0.38631,0.050223076
1044,0.38594,0.050187008
1045,0.38556,0.050374279
1046,0.38519,0.050186747
1047,0.38481,0.050198400
1048,0.38444,0.050187189
1049,0.38407,0.050187830
1050,0.38369,0.050179855
1051,0.38332,0.050177620
1052,0.38295,0.050165989
1053,0.38258,0.050178472
1054,0.38220,0.050173834
1055,0.38183,0.050186327
1056,0.38146,0.050180165
1057,0.38109,0.050187439
1058,0.38073,0.050177050
1059,0.38036,0.050180737
1060,0.37999,0.050175887
1061,0.37962,0.050168494
1062,0.37925,0.050175998
1063,0.37889,0.050192158
1064,0.37852,0.050185445
1065,0.37816,0.050176078
1066,0.37779,0.050168083
1067,0.37743,0.050183401
1068,0.37706,0.050210372
1069,0.37670,0.050201846
1070,0.37634,0.050199862
1071,0.37597,0.050197989
1072,0.37561,0.050196155
1073,0.37525,0.050227575
1074,0.37489,0.050248393
1075,0.37453,0.050226122
1076,0.37417,0.050219189
1077,0.37381,0.050214631
1078,0.37345,0.050236331
1079,0.37309,0.050228976
1080,0.37273,0.050190715
1081,0.37238,0.050171419
1082,0.37202,0.050184844
1083,0.37166,0.050178172
1084,0.37131,0.050172120
1085,0.37095,0.050182951
1086,0.37059,0.050179054
1087,0.37024,0.050184454
1088,0.36989,0.050179955
1089,0.36953,0.050187870
1090,0.36918,0.050168664
1091,0.36883,0.050182259
1092,0.36847,0.050167291
1093,0.36812,0.050179614
1094,0.36777,0.050181949
1095,0.36742,0.050166650
1096,0.36707,0.050202898
1097,0.36672,0.050164316
1098,0.36637,0.050174325
1099,0.36602,0.050152062
1100,0.36567,0.050143857
1101,0.36532,0.050141773
1102,0.36498,0.050144669
1103,0.36463,0.050176839
1104,0.36428,0.050162702
1105,0.36394,0.050184464
1106,0.36359,0.050180807
1107,0.36325,0.050186207
1108,0.36290,0.050178602
1109,0.36256,0.050182560
1110,0.36221,0.050184964
1111,0.36187,0.050173323
1112,0.36153,0.050178041
1113,0.36119,0.050172211
1114,0.36084,0.050190505
1115,0.36050,0.050187620
1116,0.36016,0.050171559
1117,0.35982,0.050178332
1118,0.35948,0.050186408
1119,0.35914,0.050179124
1120,0.35880,0.050188792
1121,0.35846,0.050188160
1122,0.35812,0.050178513
1123,0.35779,0.050173723
1124,0.35745,0.050165448
1125,0.35711,0.050162433
1126,0.35678,0.050212146
1127,0.35644,0.050180976
1128,0.35611,0.050174615
1129,0.35577,0.050190395
1130,0.35544,0.050188672
1131,0.35510,0.050199773
1132,0.35477,0.050175647
1133,0.35443,0.050181979
1134,0.35410,0.050185004
1135,0.35377,0.050188020
1136,0.35344,0.050179494
1137,0.35311,0.050169986
1138,0.35278,0.050188050
1139,0.35244,0.050177039
1140,0.35211,0.050181207
1141,0.35179,0.050175487
1142,0.35146,0.050190675
1143,0.35113,0.050169135
1144,0.35080,0.050153436
1145,0.35047,0.050185566
1146,0.35014,0.050195684
1147,0.34982,0.050219469
1148,0.34949,0.050177911
1149,0.34916,0.050178362
1150,0.34884,0.050171319
1151,0.34851,0.050198210
1152,0.34819,0.050222023
1153,0.34786,0.050215191
1154,0.34754,0.050250528
1155,0.34722,0.050222515
1156,0.34689,0.050194633
1157,0.34657,0.050214800
1158,0.34625,0.050242062
1159,0.34593,0.050216964
1160,0.34561,0.050181839
1161,0.34529,0.050160538
1162,0.34497,0.050143457
1163,0.34465,0.050194793
1164,0.34433,0.050174675
1165,0.34401,0.050176980
1166,0.34369,0.050192018
1167,0.34337,0.050186066
1168,0.34305,0.050187650
1169,0.34274,0.050175166
1170,0.34242,0.050179424
1171,0.34210,0.050171040
1172,0.34179,0.050198346
1173,0.34147,0.050180221
1174,0.34115,0.050170322
1175,0.34084,0.050182055
1176,0.34053,0.050173689
1177,0.34021,0.050186693
1178,0.33990,0.050178218
1179,0.33958,0.050180752
1180,0.33927,0.050179129
1181,0.33896,0.050183427
1182,0.33865,0.050175061
1183,0.33834,0.050180802
1184,0.33803,0.050180863
1185,0.33772,0.050179119
1186,0.33740,0.050190149
1187,0.33710,0.050203124
1188,0.33679,0.050188727
1189,0.33648,0.050181523
1190,0.33617,0.050217852
1191,0.33586,0.050178749
1192,0.33555,0.050182796
1193,0.33525,0.050200118
1194,0.33494,0.050186402
1195,0.33463,0.050189638
1196,0.33433,0.050179480
1197,0.33402,0.050175772
1198,0.33372,0.050161396
1199,0.33341,0.050160063
1200,0.33311,0.050164031
1201,0.33280,0.050164331
1202,0.33250,0.050172547
1203,0.33220,0.050196241
1204,0.33189,0.050188006
1205,0.33159,0.050193696
1206,0.33129,0.050194047
1207,0.33099,0.050183136
1208,0.33069,0.050176745
1209,0.33038,0.050179951
1210,0.33008,0.050173759
1211,0.32978,0.050181163
1212,0.32948,0.050178698
1213,0.32919,0.050167016
1214,0.32889,0.050186583
1215,0.32859,0.050180712
1216,0.32829,0.050188196
1217,0.32799,0.050199628
1218,0.32770,0.050180672
1219,0.32740,0.050183748
1220,0.32710,0.050187174
1221,0.32681,0.050199988
1222,0.32651,0.050177637
1223,0.32622,0.050180933
1224,0.32592,0.050177396
1225,0.32563,0.050187354
1226,0.32533,0.050186663
1227,0.32504,0.050194628
1228,0.32475,0.050182465
1229,0.32445,0.050194438
1230,0.32416,0.050177536
1231,0.32387,0.050194869
1232,0.32358,0.050192133
1233,0.32329,0.050245874
1234,0.32299,0.050241706
1235,0.32270,0.050192554
1236,0.32241,0.050196281
1237,0.32212,0.050228292
1238,0.32184,0.050231487
1239,0.32155,0.050210117
1240,0.32126,0.050196903
1241,0.32097,0.050199057
1242,0.32068,0.050192184
1243,0.32039,0.050198886
1244,0.32011,0.050220276
1245,0.31982,0.050198806
1246,0.31953,0.050202413
1247,0.31925,0.050223282
1248,0.31896,0.050192875
1249,0.31868,0.050173539
1250,0.31839,0.050178357
1251,0.31811,0.050168900
1252,0.31782,0.050194227
1253,0.31754,0.050184428
1254,0.31726,0.050182575
1255,0.31697,0.050181323
1256,0.31669,0.050189328
1257,0.31641,0.050207012
1258,0.31613,0.050184479
1259,0.31585,0.050186503
1260,0.31557,0.050180231
1261,0.31529,0.050184009
1262,0.31500,0.050201742
1263,0.31473,0.050177937
1264,0.31445,0.050204196
1265,0.31417,0.050175131
1266,0.31389,0.050187194
1267,0.31361,0.050186322
1268,0.31333,0.050156346
1269,0.31305,0.050204396
1270,0.31278,0.050185341
1271,0.31250,0.050167948
1272,0.31222,0.050169310
1273,0.31195,0.050190611
1274,0.31167,0.050182926
1275,0.31140,0.050178157
1276,0.31112,0.050185541
1277,0.31085,0.050193797
1278,0.31057,0.050195179
1279,0.31030,0.050179770
1280,0.31002,0.050198645
1281,0.30975,0.050170222
1282,0.30948,0.050178498
1283,0.30920,0.050181152
1284,0.30893,0.050185401
1285,0.30866,0.050195800
1286,0.30839,0.050194428
1287,0.30812,0.050188226
1288,0.30785,0.050185150
1289,0.30758,0.050193626
1290,0.30731,0.050201501
1291,0.30704,0.050196111
1292,0.30677,0.050184960
1293,0.30650,0.050181032
1294,0.30623,0.050194147
1295,0.30596,0.050180311
1296,0.30569,0.050160414
1297,0.30542,0.050184909
1298,0.30516,0.050182476
1299,0.30489,0.050178247
1300,0.30462,0.050170874
1301,0.30436,0.050190189
1302,0.30409,0.050182906
1303,0.30383,0.050201080
1304,0.30356,0.050198255
1305,0.30330,0.050197373
1306,0.30303,0.050191772
1307,0.30277,0.050184740
1308,0.30250,0.050181033
1309,0.30224,0.050188847
1310,0.30198,0.050206590
1311,0.30171,0.050203966
1312,0.30145,0.050209967
1313,0.30119,0.050225817
1314,0.30093,0.050220617
1315,0.30067,0.050200479
1316,0.30041,0.050200800
1317,0.30015,0.050234072
1318,0.29988,0.050330754
1319,0.29962,0.050195339
1320,0.29937,0.050183617
1321,0.29911,0.050175842
1322,0.29885,0.050164081
1323,0.29859,0.050186553
1324,0.29833,0.050204146
1325,0.29807,0.050196832
1326,0.29781,0.050193957
1327,0.29756,0.050197213
1328,0.29730,0.050180752
1329,0.29704,0.050191452
1330,0.29679,0.050186964
1331,0.29653,0.050174731
1332,0.29627,0.050204076
1333,0.29602,0.050198395
1334,0.29576,0.050201852
1335,0.29551,0.050199087
1336,0.29526,0.050187094
1337,0.29500,0.050183096
1338,0.29475,0.050182124
1339,0.29449,0.050176935
1340,0.29424,0.050191682
1341,0.29399,0.050185211
1342,0.29374,0.050181223
1343,0.29348,0.050187384
1344,0.29323,0.050185461
1345,0.29298,0.050188827
1346,0.29273,0.050165403
1347,0.29248,0.050175221
1348,0.29223,0.050189358
1349,0.29198,0.050177987
1350,0.29173,0.050182024
1351,0.29148,0.050175312
1352,0.29123,0.050165073
1353,0.29098,0.050176854
1354,0.29073,0.050190149
1355,0.29049,0.050199267
1356,0.29024,0.050201431
1357,0.28999,0.050208304
1358,0.28974,0.050191101
1359,0.28950,0.050207031
1360,0.28925,0.050219996
1361,0.28900,0.050189989
1362,0.28876,0.050182365
1363,0.28851,0.050194779
1364,0.28827,0.050155595
1365,0.28802,0.050115519
1366,0.28778,0.050178638
1367,0.28753,0.050183317
1368,0.28729,0.050193847
1369,0.28704,0.050172436
1370,0.28680,0.050177856
1371,0.28656,0.050173258
1372,0.28632,0.050190099
1373,0.28607,0.050187915
1374,0.28583,0.050178649
1375,0.28559,0.050187073
1376,0.28535,0.050199137
1377,0.28511,0.050170673
1378,0.28487,0.050176814
1379,0.28462,0.050175943
1380,0.28438,0.050157157
1381,0.28414,0.050193596
1382,0.28390,0.050180802
1383,0.28367,0.050183848
1384,0.28343,0.050173989
1385,0.28319,0.050186223
1386,0.28295,0.050193807
1387,0.28271,0.050209727
1388,0.28247,0.050177245
1389,0.28224,0.050189849
1390,0.28200,0.050220597
1391,0.28176,0.050214385
1392,0.28152,0.050206010
1393,0.28129,0.050242908
1394,0.28105,0.050213013
1395,0.28082,0.050197814
1396,0.28058,0.050228172
1397,0.28035,0.050245363
1398,0.28011,0.050220887
1399,0.27988,0.050173819
1400,0.27964,0.050179519
1401,0.27941,0.050171024
1402,0.27917,0.050167478
1403,0.27894,0.050182586
1404,0.27871,0.050178518
1405,0.27848,0.050175943
1406,0.27824,0.050196702
1407,0.27801,0.050176304
1408,0.27778,0.050195310
1409,0.27755,0.050212913
1410,0.27732,0.050177657
1411,0.27709,0.050190771
1412,0.27685,0.050191793
1413,0.27662,0.050171815
1414,0.27639,0.050174430
1415,0.27616,0.050167728
1416,0.27594,0.050183918
1417,0.27571,0.050196391
1418,0.27548,0.050201171
1419,0.27525,0.050187605
1420,0.27502,0.050176394
1421,0.27479,0.050188888
1422,0.27456,0.050185010
1423,0.27434,0.050190690
1424,0.27411,0.050178958
1425,0.27388,0.050162878
1426,0.27366,0.050170122
1427,0.27343,0.050188226
1428,0.27320,0.050168839
1429,0.27298,0.050185311
1430,0.27275,0.050155454
1431,0.27253,0.050128383
1432,0.27230,0.050184709
1433,0.27208,0.050181653
1434,0.27185,0.050181273
1435,0.27163,0.050186082
1436,0.27141,0.050187264
1437,0.27118,0.050183797
1438,0.27096,0.050180381
1439,0.27074,0.050175693
1440,0.27051,0.050187605
1441,0.27029,0.050197444
1442,0.27007,0.050215059
1443,0.26985,0.050178303
1444,0.26963,0.050188934
1445,0.26940,0.050170187
1446,0.26918,0.050152475
1447,0.26896,0.050182201
1448,0.26874,0.050155951
1449,0.26852,0.050168084
1450,0.26830,0.050168715
1451,0.26808,0.050223167
1452,0.26786,0.050195295
1453,0.26765,0.050216565
1454,0.26743,0.050185076
1455,0.26721,0.050177382
1456,0.26699,0.050193842
1457,0.26677,0.050191989
1458,0.26655,0.050200305
1459,0.26634,0.050193732
1460,0.26612,0.050214791
1461,0.26590,0.050184345
1462,0.26569,0.050199282
1463,0.26547,0.050176590
1464,0.26525,0.050184294
1465,0.26504,0.050176780
1466,0.26482,0.050203911
1467,0.26461,0.050175508
1468,0.26439,0.050184285
1469,0.26418,0.050195756
1470,0.26396,0.050211886
1471,0.26375,0.050222186
1472,0.26354,0.050234809
1473,0.26332,0.050257452
1474,0.26311,0.050225602
1475,0.26290,0.050193441
1476,0.26268,0.050228397
1477,0.26247,0.050246210
1478,0.26226,0.050208069
1479,0.26205,0.050197990
1480,0.26183,0.050181158
1481,0.26162,0.050192179
1482,0.26141,0.050191548
1483,0.26120,0.050184364
1484,0.26099,0.050181829
1485,0.26078,0.050175648
1486,0.26057,0.050169747
1487,0.26036,0.050203520
1488,0.26015,0.050180798
1489,0.25994,0.050173364
1490,0.25973,0.050202529
1491,0.25952,0.050179526
1492,0.25931,0.050191158
1493,0.25911,0.050187210
1494,0.25890,0.050172623
1495,0.25869,0.050162113
1496,0.25848,0.050161642
1497,0.25828,0.050176139
1498,0.25807,0.050194624
1499,0.25786,0.050210974
1500,0.25765,0.050183694
1501,0.25745,0.050185607
1502,0.25724,0.050188482
1503,0.25704,0.050182882
1504,0.25683,0.050181058
1505,0.25663,0.050204332
1506,0.25642,0.050182221
1507,0.25622,0.050167373
1508,0.25601,0.050166241
1509,0.25581,0.050152515
1510,0.25560,0.050165339
1511,0.25540,0.050188362
1512,0.25520,0.050169036
1513,0.25499,0.050192149
1514,0.25479,0.050183803
1515,0.25459,0.050183273
1516,0.25438,0.050185927
1517,0.25418,0.050180257
1518,0.25398,0.050190567
1519,0.25378,0.050175989
1520,0.25358,0.050182441
1521,0.25338,0.050199594
1522,0.25318,0.050188803
1523,0.25297,0.050211375
1524,0.25277,0.050183122
1525,0.25257,0.050182771
1526,0.25237,0.050197549
1527,0.25217,0.050192369
1528,0.25197,0.050186769
1529,0.25178,0.050179996
1530,0.25158,0.050169526
1531,0.25138,0.050181179
1532,0.25118,0.050167263
1533,0.25098,0.050191117
1534,0.25078,0.050182741
1535,0.25058,0.050185386
1536,0.25039,0.050201747
1537,0.25019,0.050177772
1538,0.24999,0.050190616
1539,0.24980,0.050188472
1540,0.24960,0.050171180
1541,0.24940,0.050178053
1542,0.24921,0.050164708
1543,0.24901,0.050183283
1544,0.24882,0.050174196
1545,0.24862,0.050180748
1546,0.24842,0.050165018
1547,0.24823,0.050194924
1548,0.24804,0.050189384
1549,0.24784,0.050191157
1550,0.24765,0.050183784
1551,0.24745,0.050205103
1552,0.24726,0.050227565
1553,0.24707,0.050218248
1554,0.24687,0.050221354
1555,0.24668,0.050192059
1556,0.24649,0.050222686
1557,0.24629,0.050229098
1558,0.24610,0.050186739
1559,0.24591,0.050180257
1560,0.24572,0.050154839
1561,0.24553,0.050194193
1562,0.24533,0.050182902
1563,0.24514,0.050169337
1564,0.24495,0.050167223
1565,0.24476,0.050153697
1566,0.24457,0.050162063
1567,0.24438,0.050173274
1568,0.24419,0.050195125
1569,0.24400,0.050173213
1570,0.24381,0.050179686
1571,0.24362,0.050168585
1572,0.24343,0.050162814
1573,0.24324,0.050181199
1574,0.24306,0.050188622
1575,0.24287,0.050172813
1576,0.24268,0.050169177
1577,0.24249,0.050155310
1578,0.24230,0.050152645
1579,0.24212,0.050185718
1580,0.24193,0.050177963
1581,0.24174,0.050197740
1582,0.24155,0.050176110
1583,0.24137,0.050178063
1584,0.24118,0.050186158
1585,0.24100,0.050177952
1586,0.24081,0.050158847
1587,0.24062,0.050167313
1588,0.24044,0.050167733
1589,0.24025,0.050195015
1590,0.24007,0.050182861
1591,0.23988,0.050183202
1592,0.23970,0.050178915
1593,0.23951,0.050174757
1594,0.23933,0.050174816
1595,0.23915,0.050181640
1596,0.23896,0.050172533
1597,0.23878,0.050176359
1598,0.23860,0.050173274
1599,0.23841,0.050181018
1600,0.23823,0.050197439
1601,0.23805,0.050204081
1602,0.23787,0.050188683
1603,0.23768,0.050180087
1604,0.23750,0.050171530
1605,0.23732,0.050182791
1606,0.23714,0.050175828
1607,0.23696,0.050188182
1608,0.23678,0.050177412
1609,0.23659,0.050188422
1610,0.23641,0.050194062
1611,0.23623,0.050190927
1612,0.23605,0.050179605
1613,0.23587,0.050181409
1614,0.23569,0.050185997
1615,0.23551,0.050185536
1616,0.23533,0.050193591
1617,0.23516,0.050202608
1618,0.23498,0.050187581
1619,0.23480,0.050194223
1620,0.23462,0.050188452
1621,0.23444,0.050181569
1622,0.23426,0.050182231
1623,0.23409,0.050176950
1624,0.23391,0.050211867
1625,0.23373,0.050211495
1626,0.23355,0.050177261
1627,0.23338,0.050178273
1628,0.23320,0.050207147
1629,0.23302,0.050190837
1630,0.23285,0.050207057
1631,0.23267,0.050207307
1632,0.23249,0.050225021
1633,0.23232,0.050219430
1634,0.23214,0.050202228
1635,0.23197,0.050203911
1636,0.23179,0.050227946
1637,0.23162,0.050235781
1638,0.23144,0.050181019
1639,0.23127,0.050184385
1640,0.23109,0.050184464
1641,0.23092,0.050187300
1642,0.23075,0.050190856
1643,0.23057,0.050186158
1644,0.23040,0.050178674
1645,0.23023,0.050171600
1646,0.23005,0.050175358
1647,0.22988,0.050201847
1648,0.22971,0.050195896
1649,0.22953,0.050154689
1650,0.22936,0.050180537
1651,0.22919,0.050173043
1652,0.22902,0.050182982
1653,0.22885,0.050187641
1654,0.22868,0.050165248
1655,0.22850,0.050219070
1656,0.22833,0.050180978
1657,0.22816,0.050384881
1658,0.22799,0.050190405
1659,0.22782,0.050184384
1660,0.22765,0.050169537
1661,0.22748,0.050174997
1662,0.22731,0.050172993
1663,0.22714,0.050178604
1664,0.22697,0.050179506
1665,0.22680,0.050183794
1666,0.22663,0.050187220
1667,0.22646,0.050174656
1668,0.22630,0.050180467
1669,0.22613,0.050157604
1670,0.22596,0.050171410
1671,0.22579,0.050162974
1672,0.22562,0.050195656
1673,0.22546,0.050208420
1674,0.22529,0.050171912
1675,0.22512,0.050148307
1676,0.22495,0.050190256
1677,0.22479,0.050173935
1678,0.22462,0.050171170
1679,0.22445,0.050169006
1680,0.22429,0.050161172
1681,0.22412,0.050189614
1682,0.22396,0.050178293
1683,0.22379,0.050171280
1684,0.22362,0.050177752
1685,0.22346,0.050172582
1686,0.22329,0.050165650
1687,0.22313,0.050183583
1688,0.22296,0.050178864
1689,0.22280,0.050176890
1690,0.22264,0.050172602
1691,0.22247,0.050192710
1692,0.22231,0.050161592
1693,0.22214,0.050191798
1694,0.22198,0.050178182
1695,0.22182,0.050173674
1696,0.22165,0.050176099
1697,0.22149,0.050183362
1698,0.22133,0.050179105
1699,0.22117,0.050189685
1700,0.22100,0.050203050
1701,0.22084,0.050165188
1702,0.22068,0.050167583
1703,0.22052,0.050178463
1704,0.22035,0.050193752
1705,0.22019,0.050191047
1706,0.22003,0.050182842
1707,0.21987,0.050178253
1708,0.21971,0.050191107
1709,0.21955,0.050201326
1710,0.21939,0.050192099
1711,0.21923,0.050220492
1712,0.21907,0.050226854
1713,0.21891,0.050183072
1714,0.21875,0.050193481
1715,0.21859,0.050198712
1716,0.21843,0.050227896
1717,0.21827,0.050209071
1718,0.21811,0.050171310
1719,0.21795,0.050176299
1720,0.21779,0.050183873
1721,0.21763,0.050175428
1722,0.21748,0.050183924
1723,0.21732,0.050186618
1724,0.21716,0.050177361
1725,0.21700,0.050177001
1726,0.21684,0.050200524
1727,0.21669,0.050198731
1728,0.21653,0.050176850
1729,0.21637,0.050178153
1730,0.21622,0.050195946
1731,0.21606,0.050210844
1732,0.21590,0.050197459
1733,0.21575,0.050184165
1734,0.21559,0.050204984
1735,0.21543,0.050186539
1736,0.21528,0.050162353
1737,0.21512,0.050155922
1738,0.21497,0.050160119
1739,0.21481,0.050179014
1740,0.21466,0.050202458
1741,0.21450,0.050176259
1742,0.21435,0.050247803
1743,0.21419,0.050184184
1744,0.21404,0.050177161
1745,0.21388,0.050181309
1746,0.21373,0.050180377
1747,0.21357,0.050188703
1748,0.21342,0.050160109
1749,0.21327,0.050175638
1750,0.21311,0.050177632
1751,0.21296,0.050147165
1752,0.21281,0.050158135
1753,0.21266,0.050169717
1754,0.21250,0.050194593
1755,0.21235,0.050209371
1756,0.21220,0.050170218
1757,0.21205,0.050179365
1758,0.21189,0.050177262
1759,0.21174,0.050161973
1760,0.21159,0.050178994
1761,0.21144,0.050180447
1762,0.21129,0.050174205
1763,0.21114,0.050183052
1764,0.21099,0.050168665
1765,0.21083,0.050187049
1766,0.21068,0.050177902
1767,0.21053,0.050188593
1768,0.21038,0.050196558
1769,0.21023,0.050167102
1770,0.21008,0.050180348
1771,0.20993,0.050169066
1772,0.20978,0.050184395
1773,0.20963,0.050179185
1774,0.20949,0.050173885
1775,0.20934,0.050177131
1776,0.20919,0.050171110
1777,0.20904,0.050162825
1778,0.20889,0.050188943
1779,0.20874,0.050178072
1780,0.20859,0.050202248
1781,0.20845,0.050178945
1782,0.20830,0.050168305
1783,0.20815,0.050193241
1784,0.20800,0.050178834
1785,0.20785,0.050201257
1786,0.20771,0.050193832
1787,0.20756,0.050193071
1788,0.20741,0.050169416
1789,0.20727,0.050196137
1790,0.20712,0.050190356
1791,0.20697,0.050240089
1792,0.20683,0.050239097
1793,0.20668,0.050229058
1794,0.20654,0.050213349
1795,0.20639,0.050262812
1796,0.20624,0.050233497
1797,0.20610,0.050183302
1798,0.20595,0.050174997
1799,0.20581,0.050177431
1800,0.20566,0.050167884
1801,0.20552,0.050176821
1802,0.20537,0.050164226
1803,0.20523,0.050181459
1804,0.20509,0.050182972
1805,0.20494,0.050180818
1806,0.20480,0.050183593
1807,0.20465,0.050141655
1808,0.20451,0.050162193
1809,0.20437,0.050174256
1810,0.20422,0.050170248
1811,0.20408,0.050186468
1812,0.20394,0.050173494
1813,0.20379,0.050190205
1814,0.20365,0.050174326
1815,0.20351,0.050160931
1816,0.20337,0.050178634
1817,0.20322,0.050172202
1818,0.20308,0.050186067
1819,0.20294,0.050189855
1820,0.20280,0.050195375
1821,0.20266,0.050170138
1822,0.20252,0.050167864
1823,0.20237,0.050156914
1824,0.20223,0.050147746
1825,0.20209,0.050169737
1826,0.20195,0.050160250
1827,0.20181,0.050171050
1828,0.20167,0.050188853
1829,0.20153,0.050194464
1830,0.20139,0.050177141
1831,0.20125,0.050178193
1832,0.20111,0.050321031
1833,0.20097,0.050189454
1834,0.20083,0.050177351
1835,0.20069,0.050173484
1836,0.20055,0.050183803
1837,0.20041,0.050185267
1838,0.20027,0.050173514
1839,0.20013,0.050159568
1840,0.20000,0.050156532
1841,0.19986,0.050160019
1842,0.19972,0.050177441
1843,0.19958,0.050171370
1844,0.19944,0.050194363
1845,0.19931,0.050171370
1846,0.19917,0.050172271
1847,0.19903,0.050199022
1848,0.19889,0.050170689
1849,0.19876,0.050164978
1850,0.19862,0.050174265
1851,0.19848,0.050187841
1852,0.19834,0.050176240
1853,0.19821,0.050185727
1854,0.19807,0.050193732
1855,0.19794,0.050197239
1856,0.19780,0.050189154
1857,0.19766,0.050179525
1858,0.19753,0.050176239
1859,0.19739,0.050240149
1860,0.19726,0.050199122
1861,0.19712,0.050196988
1862,0.19699,0.050155189
1863,0.19685,0.050181299
1864,0.19671,0.050206877
1865,0.19658,0.050181609
1866,0.19645,0.050169036
1867,0.19631,0.050196117
1868,0.19618,0.050177913
1869,0.19604,0.050199113
1870,0.19591,0.050206005
1871,0.19577,0.050219811
1872,0.19564,0.050212047
1873,0.19551,0.050197299
1874,0.19537,0.050214080
1875,0.19524,0.050229169
1876,0.19511,0.050229188
1877,0.19497,0.050188863
1878,0.19484,0.050182391
1879,0.19471,0.050169717
1880,0.19457,0.050176299
1881,0.19444,0.050186038
1882,0.19431,0.050171921
1883,0.19418,0.050173795
1884,0.19405,0.050180928
1885,0.19391,0.050164146
1886,0.19378,0.050188813
1887,0.19365,0.050188272
1888,0.19352,0.050183833
1889,0.19339,0.050186198
1890,0.19326,0.050182260
1891,0.19312,0.050185607
1892,0.19299,0.050167884
1893,0.19286,0.050178152
1894,0.19273,0.050188252
1895,0.19260,0.050196828
1896,0.19247,0.050169717
1897,0.19234,0.050171000
1898,0.19221,0.050199143
1899,0.19208,0.050175488
1900,0.19195,0.050189454
1901,0.19182,0.050186118
1902,0.19169,0.050180718
1903,0.19156,0.050199112
1904,0.19143,0.050169767
1905,0.19130,0.050165719
1906,0.19118,0.050191969
1907,0.19105,0.050169667
1908,0.19092,0.050179946
1909,0.19079,0.050180207
1910,0.19066,0.050196757
1911,0.19053,0.050179556
1912,0.19040,0.050171441
1913,0.19028,0.050196458
1914,0.19015,0.050186138
1915,0.19002,0.050193582
1916,0.18989,0.050155500
1917,0.18977,0.050157975
1918,0.18964,0.050198932
1919,0.18951,0.050177391
1920,0.18938,0.050149640
1921,0.18926,0.050180137
1922,0.18913,0.050176590
1923,0.18900,0.050198661
1924,0.18888,0.050185897
1925,0.18875,0.050181639
1926,0.18863,0.050182862
1927,0.18850,0.050204663
1928,0.18837,0.050175038
1929,0.18825,0.050178554
1930,0.18812,0.050190546
1931,0.18800,0.050183242
1932,0.18787,0.050154408
1933,0.18775,0.050177883
1934,0.18762,0.050181259
1935,0.18750,0.050188994
1936,0.18737,0.050180367
1937,0.18725,0.050170309
1938,0.18712,0.050207628
1939,0.18700,0.050174727
1940,0.18687,0.050166522
1941,0.18675,0.050174556
1942,0.18662,0.050181669
1943,0.18650,0.050178583
1944,0.18638,0.050182050
1945,0.18625,0.050173274
1946,0.18613,0.050178072
1947,0.18601,0.050170138
1948,0.18588,0.050190526
1949,0.18576,0.050192490
1950,0.18564,0.050221514
1951,0.18551,0.050251461
1952,0.18539,0.050211606
1953,0.18527,0.050204843
1954,0.18515,0.050222546
1955,0.18502,0.050241331
1956,0.18490,0.050230501
1957,0.18478,0.050183022
1958,0.18466,0.050168625
1959,0.18453,0.050195385
1960,0.18441,0.050174376
1961,0.18429,0.050183684
1962,0.18417,0.050177031
1963,0.18405,0.050205495
1964,0.18393,0.050186008
1965,0.18381,0.050196597
1966,0.18369,0.050194734
1967,0.18356,0.050201407
1968,0.18344,0.050171451
1969,0.18332,0.050190807
1970,0.18320,0.050177541
1971,0.18308,0.050178143
1972,0.18296,0.050152164
1973,0.18284,0.050148367
1974,0.18272,0.050170989
1975,0.18260,0.050170368
1976,0.18248,0.050193091
1977,0.18236,0.050184054
1978,0.18224,0.050191318
1979,0.18212,0.050191798
1980,0.18201,0.050147485
1981,0.18189,0.050184695
1982,0.18177,0.050187120
1983,0.18165,0.050210273
1984,0.18153,0.050211665
1985,0.18141,0.050181199
1986,0.18129,0.050185587
1987,0.18117,0.050206486
1988,0.18106,0.050194594
1989,0.18094,0.050192811
1990,0.18082,0.050136665
1991,0.18070,0.050172803
1992,0.18059,0.050193492
1993,0.18047,0.050182050
1994,0.18035,0.050184465
1995,0.18023,0.050181459
1996,0.18012,0.050175488
1997,0.18000,0.050197640
1998,0.17988,0.050177031
1999,0.17976,0.050187891
