passo,valor_central,tempo
0,99.94000000,0.002850
1,99.88004200,0.001324
2,99.82012597,0.001334
3,99.76025187,0.001317
4,99.70041968,0.001332
5,99.64062935,0.001315
6,99.58088087,0.001330
7,99.52117419,0.001318
8,99.46150928,0.001335
9,99.40188612,0.001317
10,99.34230466,0.001336
11,99.28276489,0.001316
12,99.22326675,0.001330
13,99.16381023,0.001317
14,99.10439529,0.001333
15,99.04502190,0.001320
16,98.98569003,0.001331
17,98.92639964,0.001316
18,98.86715071,0.001332
19,98.80794319,0.001319
20,98.74877707,0.001338
21,98.68965230,0.001322
22,98.63056886,0.001333
23,98.57152671,0.001316
24,98.51252582,0.001336
25,98.45356616,0.001320
26,98.39464770,0.001335
27,98.33577040,0.001317
28,98.27693424,0.001330
29,98.21813919,0.001318
30,98.15938520,0.001333
31,98.10067226,0.001319
32,98.04200032,0.001331
33,97.98336936,0.001317
34,97.92477934,0.001331
35,97.86623024,0.001319
36,97.80772201,0.001331
37,97.74925464,0.001310
38,97.69082809,0.001332
39,97.63244232,0.001320
40,97.57409731,0.001337
41,97.51579303,0.001313
42,97.45752944,0.001336
43,97.39930651,0.001318
44,97.34112421,0.001336
45,97.28298251,0.001315
46,97.22488138,0.001335
47,97.16682079,0.001311
48,97.10880070,0.001328
49,97.05082109,0.001315
50,96.99288192,0.001334
51,96.93498316,0.001314
52,96.87712478,0.001338
53,96.81930676,0.001320
54,96.76152905,0.001340
55,96.70379163,0.001317
56,96.64609447,0.001336
57,96.58843754,0.001315
58,96.53082080,0.001332
59,96.47324422,0.001316
60,96.41570778,0.001331
61,96.35821144,0.001313
62,96.30075518,0.001340
63,96.24333895,0.001321
64,96.18596273,0.001337
65,96.12862650,0.001316
66,96.07133021,0.001333
67,96.01407384,0.001316
68,95.95685736,0.001333
69,95.89968073,0.001317
70,95.84254394,0.001340
71,95.78544693,0.001322
72,95.72838969,0.001331
73,95.67137219,0.001321
74,95.61439439,0.001334
75,95.55745626,0.001315
76,95.50055778,0.001333
77,95.44369890,0.001321
78,95.38687962,0.001331
79,95.33009988,0.001318
80,95.27335966,0.001333
81,95.21665893,0.001319
82,95.15999767,0.001328
83,95.10337583,0.001317
84,95.04679340,0.001333
85,94.99025033,0.001315
86,94.93374661,0.001332
87,94.87728219,0.001322
88,94.82085705,0.001330
89,94.76447116,0.001319
90,94.70812449,0.001341
91,94.65181701,0.001318
92,94.59554869,0.001337
93,94.53931949,0.001318
94,94.48312940,0.001334
95,94.42697837,0.001318
96,94.37086638,0.001339
97,94.31479340,0.001324
98,94.25875940,0.001327
99,94.20276435,0.001317
100,94.14680821,0.001338
101,94.09089097,0.001319
102,94.03501258,0.001332
103,93.97917303,0.001316
104,93.92337227,0.001335
105,93.86761029,0.001314
106,93.81188704,0.001334
107,93.75620250,0.001312
108,93.70055665,0.001333
109,93.64494945,0.001316
110,93.58938086,0.001333
111,93.53385087,0.001315
112,93.47835944,0.001333
113,93.42290655,0.001318
114,93.36749216,0.001335
115,93.31211624,0.001316
116,93.25677876,0.001330
117,93.20147970,0.001316
118,93.14621903,0.001333
119,93.09099671,0.001316
120,93.03581272,0.001330
121,92.98066702,0.001314
122,92.92555959,0.001334
123,92.87049040,0.001321
124,92.81545942,0.001335
125,92.76046662,0.001317
126,92.70551198,0.001328
127,92.65059545,0.001313
128,92.59571701,0.001328
129,92.54087664,0.001323
130,92.48607430,0.001334
131,92.43130996,0.001317
132,92.37658361,0.001336
133,92.32189519,0.001322
134,92.26724470,0.001331
135,92.21263209,0.001321
136,92.15805735,0.001334
137,92.10352043,0.001320
138,92.04902132,0.001333
139,91.99455997,0.001316
140,91.94013637,0.001337
141,91.88575049,0.001319
142,91.83140229,0.001334
143,91.77709175,0.001317
144,91.72281884,0.001337
145,91.66858353,0.001326
146,91.61438579,0.001343
147,91.56022559,0.001310
148,91.50610290,0.001331
149,91.45201770,0.001319
150,91.39796995,0.001339
151,91.34395963,0.001319
152,91.28998671,0.001339
153,91.23605116,0.001317
154,91.18215295,0.001334
155,91.12829205,0.001315
156,91.07446844,0.001332
157,91.02068208,0.001315
158,90.96693295,0.001335
159,90.91322102,0.001318
160,90.85954626,0.001333
161,90.80590865,0.001323
162,90.75230814,0.001337
163,90.69874472,0.001319
164,90.64521836,0.001335
165,90.59172903,0.001320
166,90.53827669,0.001333
167,90.48486133,0.001319
168,90.43148292,0.001331
169,90.37814141,0.001266
170,90.32483680,0.001258
171,90.27156904,0.001247
172,90.21833812,0.001259
173,90.16514400,0.001246
174,90.11198665,0.001257
175,90.05886605,0.001245
176,90.00578217,0.001259
177,89.95273497,0.001241
178,89.89972445,0.001261
179,89.84675055,0.001243
180,89.79381326,0.001260
181,89.74091255,0.001243
182,89.68804839,0.001256
183,89.63522076,0.001244
184,89.58242962,0.001264
185,89.52967494,0.001242
186,89.47695671,0.001260
187,89.42427488,0.001240
188,89.37162944,0.001257
189,89.31902036,0.001245
190,89.26644760,0.001255
191,89.21391114,0.001242
192,89.16141096,0.001258
193,89.10894702,0.001243
194,89.05651930,0.001266
195,89.00412777,0.001242
196,88.95177240,0.001256
197,88.89945316,0.001241
198,88.84717003,0.001255
199,88.79492298,0.001241
200,88.74271198,0.001254
201,88.69053701,0.001240
202,88.63839803,0.001258
203,88.58629503,0.001240
204,88.53422796,0.001260
205,88.48219681,0.001244
206,88.43020154,0.001258
207,88.37824214,0.001235
208,88.32631857,0.001261
209,88.27443080,0.001243
210,88.22257881,0.001259
211,88.17076257,0.001244
212,88.11898206,0.001263
213,88.06723724,0.001238
214,88.01552809,0.001260
215,87.96385458,0.001243
216,87.91221669,0.001260
217,87.86061438,0.001242
218,87.80904763,0.001259
219,87.75751642,0.001238
220,87.70602071,0.001258
221,87.65456048,0.001245
222,87.60313571,0.001261
223,87.55174636,0.001248
224,87.50039240,0.001254
225,87.44907382,0.001249
226,87.39779058,0.001256
227,87.34654266,0.001239
228,87.29533003,0.001254
229,87.24415266,0.001241
230,87.19301053,0.001261
231,87.14190361,0.001244
232,87.09083187,0.001252
233,87.03979529,0.001240
234,86.98879384,0.001257
235,86.93782749,0.001241
236,86.88689621,0.001260
237,86.83599999,0.001240
238,86.78513879,0.001258
239,86.73431258,0.001240
240,86.68352134,0.001258
241,86.63276505,0.001243
242,86.58204367,0.001259
243,86.53135718,0.001245
244,86.48070555,0.001261
245,86.43008877,0.001244
246,86.37950679,0.001267
247,86.32895959,0.001244
248,86.27844715,0.001269
249,86.22796944,0.001251
250,86.17752644,0.001270
251,86.12711811,0.001249
252,86.07674443,0.001264
253,86.02640538,0.001246
254,85.97610093,0.001273
255,85.92583105,0.001245
256,85.87559572,0.001266
257,85.82539490,0.001253
258,85.77522858,0.001266
259,85.72509673,0.001247
260,85.67499932,0.001267
261,85.62493632,0.001251
262,85.57490771,0.001274
263,85.52491347,0.001249
264,85.47495356,0.001265
265,85.42502796,0.001248
266,85.37513665,0.001274
267,85.32527959,0.001250
268,85.27545677,0.001268
269,85.22566815,0.001250
270,85.17591371,0.001267
271,85.12619343,0.001244
272,85.07650728,0.001262
273,85.02685522,0.001247
274,84.97723725,0.001275
275,84.92765332,0.001250
276,84.87810343,0.001267
277,84.82858752,0.001249
278,84.77910560,0.001272
279,84.72965762,0.001247
280,84.68024356,0.001268
281,84.63086340,0.001252
282,84.58151710,0.001265
283,84.53220466,0.001246
284,84.48292603,0.001268
285,84.43368119,0.001250
286,84.38447012,0.001263
287,84.33529280,0.001250
288,84.28614918,0.001272
289,84.23703926,0.001257
290,84.18796301,0.001267
291,84.13892039,0.001249
292,84.08991139,0.001270
293,84.04093598,0.001254
294,83.99199413,0.001259
295,83.94308581,0.001247
296,83.89421101,0.001262
297,83.84536970,0.001242
298,83.79656185,0.001259
299,83.74778743,0.001240
300,83.69904642,0.001255
301,83.65033880,0.001244
302,83.60166454,0.001259
303,83.55302361,0.001245
304,83.50441599,0.001259
305,83.45584166,0.001245
306,83.40730058,0.001260
307,83.35879274,0.001244
308,83.31031811,0.001257
309,83.26187666,0.001237
310,83.21346837,0.001256
311,83.16509321,0.001240
312,83.11675116,0.001258
313,83.06844219,0.001239
314,83.02016628,0.001262
315,82.97192340,0.001252
316,82.92371353,0.001261
317,82.87553664,0.001244
318,82.82739271,0.001255
319,82.77928171,0.001238
320,82.73120362,0.001254
321,82.68315842,0.001242
322,82.63514607,0.001253
323,82.58716655,0.001241
324,82.53921984,0.001253
325,82.49130592,0.001233
326,82.44342475,0.001255
327,82.39557632,0.001239
328,82.34776059,0.001259
329,82.29997755,0.001235
330,82.25222717,0.001262
331,82.20450943,0.001243
332,82.15682429,0.001263
333,82.10917174,0.001237
334,82.06155175,0.001259
335,82.01396429,0.001240
336,81.96640935,0.001259
337,81.91888689,0.001237
338,81.87139690,0.001258
339,81.82393934,0.001240
340,81.77651419,0.001254
341,81.72912144,0.001245
342,81.68176105,0.001257
343,81.63443299,0.001242
344,81.58713726,0.001258
345,81.53987381,0.001242
346,81.49264263,0.001253
347,81.44544369,0.001242
348,81.39827697,0.001252
349,81.35114244,0.001237
350,81.30404008,0.001262
351,81.25696986,0.001246
352,81.20993177,0.001259
353,81.16292577,0.001240
354,81.11595184,0.001255
355,81.06900996,0.001240
356,81.02210010,0.001254
357,80.97522224,0.001234
358,80.92837636,0.001263
359,80.88156242,0.001236
360,80.83478041,0.001257
361,80.78803031,0.001240
362,80.74131208,0.001252
363,80.69462570,0.001235
364,80.64797116,0.001255
365,80.60134842,0.001234
366,80.55475747,0.001257
367,80.50819827,0.001243
368,80.46167080,0.001255
369,80.41517505,0.001242
370,80.36871098,0.001255
371,80.32227857,0.001242
372,80.27587780,0.001257
373,80.22950865,0.001237
374,80.18317108,0.001255
375,80.13686509,0.001239
376,80.09059063,0.001262
377,80.04434769,0.001236
378,79.99813625,0.001252
379,79.95195628,0.001239
380,79.90580776,0.001258
381,79.85969066,0.001243
382,79.81360496,0.001263
383,79.76755064,0.001238
384,79.72152767,0.001257
385,79.67553602,0.001247
386,79.62957569,0.001255
387,79.58364663,0.001238
388,79.53774884,0.001261
389,79.49188228,0.001243
390,79.44604692,0.001258
391,79.40024276,0.001234
392,79.35446976,0.001261
393,79.30872790,0.001243
394,79.26301716,0.001257
395,79.21733751,0.001243
396,79.17168893,0.001258
397,79.12607140,0.001244
398,79.08048489,0.001258
399,79.03492938,0.001242
400,78.98940485,0.001256
401,78.94391127,0.001242
402,78.89844862,0.001261
403,78.85301687,0.001243
404,78.80761601,0.001255
405,78.76224601,0.001239
406,78.71690685,0.001257
407,78.67159850,0.001242
408,78.62632093,0.001258
409,78.58107414,0.001238
410,78.53585809,0.001259
411,78.49067276,0.001264
412,78.44551812,0.001272
413,78.40039417,0.001245
414,78.35530086,0.001259
415,78.31023818,0.001238
416,78.26520610,0.001259
417,78.22020461,0.001242
418,78.17523368,0.001257
419,78.13029328,0.001240
420,78.08538339,0.001258
421,78.04050400,0.001242
422,77.99565507,0.001257
423,77.95083659,0.001237
424,77.90604852,0.001260
425,77.86129086,0.001239
426,77.81656357,0.001258
427,77.77186663,0.001243
428,77.72720002,0.001259
429,77.68256372,0.001242
430,77.63795770,0.001255
431,77.59338195,0.001244
432,77.54883643,0.001259
433,77.50432113,0.001241
434,77.45983602,0.001261
435,77.41538108,0.001241
436,77.37095629,0.001261
437,77.32656162,0.001238
438,77.28219705,0.001256
439,77.23786257,0.001238
440,77.19355814,0.001257
441,77.14928374,0.001253
442,77.10503936,0.001259
443,77.06082497,0.001241
444,77.01664054,0.001256
445,76.97248606,0.001235
446,76.92836149,0.001255
447,76.88426683,0.001239
448,76.84020204,0.001264
449,76.79616711,0.001242
450,76.75216201,0.001252
451,76.70818672,0.001237
452,76.66424121,0.001254
453,76.62032547,0.001243
454,76.57643947,0.001257
455,76.53258319,0.001242
456,76.48875661,0.001260
457,76.44495971,0.001239
458,76.40119245,0.001251
459,76.35745483,0.001246
460,76.31374681,0.001254
461,76.27006838,0.001234
462,76.22641951,0.001258
463,76.18280019,0.001237
464,76.13921038,0.001259
465,76.09565008,0.001242
466,76.05211924,0.001255
467,76.00861786,0.001240
468,75.96514591,0.001260
469,75.92170337,0.001239
470,75.87829021,0.001257
471,75.83490642,0.001239
472,75.79155197,0.001255
473,75.74822685,0.001234
474,75.70493102,0.001255
475,75.66166446,0.001243
476,75.61842716,0.001257
477,75.57521910,0.001240
478,75.53204024,0.001260
479,75.48889057,0.001245
480,75.44577007,0.001257
481,75.40267872,0.001251
482,75.35961648,0.001257
483,75.31658335,0.001242
484,75.27357930,0.001254
485,75.23060430,0.001237
486,75.18765834,0.001259
487,75.14474140,0.001241
488,75.10185344,0.001257
489,75.05899446,0.001239
490,75.01616442,0.001263
491,74.97336331,0.001242
492,74.93059111,0.001257
493,74.88784779,0.001239
494,74.84513333,0.001254
495,74.80244771,0.001238
496,74.75979091,0.001257
497,74.71716291,0.001241
498,74.67456368,0.001257
499,74.63199321,0.001240
500,74.58945147,0.001261
501,74.54693844,0.001241
502,74.50445410,0.001253
503,74.46199842,0.001241
504,74.41957140,0.001260
505,74.37717299,0.001237
506,74.33480320,0.001256
507,74.29246198,0.001238
508,74.25014932,0.001262
509,74.20786520,0.001241
510,74.16560960,0.001262
511,74.12338250,0.001242
512,74.08118387,0.001258
513,74.03901369,0.001246
514,73.99687195,0.001262
515,73.95475862,0.001239
516,73.91267368,0.001254
517,73.87061710,0.001236
518,73.82858888,0.001252
519,73.78658898,0.001237
520,73.74461738,0.001253
521,73.70267407,0.001236
522,73.66075902,0.001258
523,73.61887221,0.001244
524,73.57701362,0.001257
525,73.53518323,0.001241
526,73.49338102,0.001260
527,73.45160697,0.001242
528,73.40986105,0.001261
529,73.36814324,0.001243
530,73.32645353,0.001252
531,73.28479190,0.001237
532,73.24315831,0.001255
533,73.20155275,0.001239
534,73.15997521,0.001251
535,73.11842565,0.001243
536,73.07690406,0.001262
537,73.03541042,0.001243
538,72.99394471,0.001261
539,72.95250689,0.001240
540,72.91109697,0.001256
541,72.86971490,0.001245
542,72.82836068,0.001257
543,72.78703428,0.001242
544,72.74573569,0.001259
545,72.70446487,0.001242
546,72.66322181,0.001262
547,72.62200649,0.001239
548,72.58081889,0.001263
549,72.53965898,0.001241
550,72.49852676,0.001255
551,72.45742218,0.001242
552,72.41634525,0.001253
553,72.37529592,0.001244
554,72.33427419,0.001262
555,72.29328004,0.001235
556,72.25231344,0.001262
557,72.21137436,0.001242
558,72.17046281,0.001258
559,72.12957874,0.001235
560,72.08872214,0.001260
561,72.04789299,0.001245
562,72.00709127,0.001260
563,71.96631696,0.001241
564,71.92557004,0.001257
565,71.88485049,0.001242
566,71.84415828,0.001259
567,71.80349340,0.001239
568,71.76285583,0.001267
569,71.72224554,0.001237
570,71.68166252,0.001261
571,71.64110675,0.001241
572,71.60057820,0.001259
573,71.56007686,0.001242
574,71.51960270,0.001259
575,71.47915570,0.001242
576,71.43873585,0.001261
577,71.39834313,0.001248
578,71.35797750,0.001259
579,71.31763896,0.001239
580,71.27732749,0.001259
581,71.23704305,0.001244
582,71.19678564,0.001259
583,71.15655524,0.001244
584,71.11635181,0.001254
585,71.07617535,0.001239
586,71.03602583,0.001258
587,70.99590323,0.001243
588,70.95580753,0.001258
589,70.91573872,0.001243
590,70.87569676,0.001254
591,70.83568165,0.001240
592,70.79569337,0.001260
593,70.75573188,0.001243
594,70.71579718,0.001263
595,70.67588923,0.001240
596,70.63600803,0.001258
597,70.59615356,0.001242
598,70.55632578,0.001257
599,70.51652469,0.001238
600,70.47675026,0.001261
601,70.43700247,0.001243
602,70.39728130,0.001256
603,70.35758674,0.001240
604,70.31791876,0.001258
605,70.27827735,0.001239
606,70.23866247,0.001261
607,70.19907413,0.001238
608,70.15951228,0.001261
609,70.11997692,0.001245
610,70.08046802,0.001259
611,70.04098557,0.001241
612,70.00152955,0.001263
613,69.96209993,0.001243
614,69.92269669,0.001258
615,69.88331983,0.001240
616,69.84396930,0.001256
617,69.80464511,0.001241
618,69.76534722,0.001258
619,69.72607562,0.001240
620,69.68683029,0.001258
621,69.64761121,0.001241
622,69.60841835,0.001256
623,69.56925171,0.001238
624,69.53011126,0.001259
625,69.49099697,0.001240
626,69.45190884,0.001252
627,69.41284684,0.001243
628,69.37381095,0.001256
629,69.33480116,0.001230
630,69.29581743,0.001261
631,69.25685976,0.001242
632,69.21792813,0.001252
633,69.17902251,0.001239
634,69.14014289,0.001256
635,69.10128924,0.001241
636,69.06246156,0.001258
637,69.02365981,0.001240
638,68.98488397,0.001256
639,68.94613404,0.001234
640,68.90740999,0.001257
641,68.86871180,0.001245
642,68.83003945,0.001257
643,68.79139292,0.001241
644,68.75277220,0.001257
645,68.71417726,0.001236
646,68.67560808,0.001262
647,68.63706466,0.001238
648,68.59854695,0.001257
649,68.56005496,0.001237
650,68.52158865,0.001254
651,68.48314802,0.001236
652,68.44473303,0.001255
653,68.40634368,0.001237
654,68.36797993,0.001253
655,68.32964178,0.001240
656,68.29132921,0.001258
657,68.25304219,0.001244
658,68.21478071,0.001264
659,68.17654474,0.001237
660,68.13833427,0.001257
661,68.10014928,0.001239
662,68.06198975,0.001254
663,68.02385567,0.001239
664,67.98574700,0.001258
665,67.94766374,0.001242
666,67.90960587,0.001254
667,67.87157336,0.001238
668,67.83356620,0.001259
669,67.79558437,0.001243
670,67.75762784,0.001258
671,67.71969661,0.001240
672,67.68179065,0.001262
673,67.64390994,0.001251
674,67.60605447,0.001258
675,67.56822422,0.001235
676,67.53041916,0.001256
677,67.49263928,0.001238
678,67.45488456,0.001257
679,67.41715498,0.001247
680,67.37945052,0.001254
681,67.34177117,0.001239
682,67.30411690,0.001256
683,67.26648770,0.001239
684,67.22888355,0.001259
685,67.19130443,0.001239
686,67.15375031,0.001258
687,67.11622120,0.001242
688,67.07871705,0.001268
689,67.04123786,0.001248
690,67.00378361,0.001262
691,66.96635427,0.001253
692,66.92894984,0.001265
693,66.89157029,0.001248
694,66.85421560,0.001262
695,66.81688575,0.001254
696,66.77958074,0.001274
697,66.74230052,0.001251
698,66.70504510,0.001264
699,66.66781445,0.001252
700,66.63060856,0.001265
701,66.59342739,0.001248
702,66.55627095,0.001271
703,66.51913920,0.001256
704,66.48203213,0.001265
705,66.44494972,0.001253
706,66.40789196,0.001272
707,66.37085882,0.001246
708,66.33385029,0.001265
709,66.29686634,0.001246
710,66.25990697,0.001263
711,66.22297215,0.001239
712,66.18606186,0.001266
713,66.14917608,0.001250
714,66.11231481,0.001268
715,66.07547801,0.001253
716,66.03866568,0.001264
717,66.00187778,0.001247
718,65.96511432,0.001265
719,65.92837526,0.001249
720,65.89166059,0.001266
721,65.85497029,0.001247
722,65.81830434,0.001259
723,65.78166273,0.001247
724,65.74504543,0.001268
725,65.70845243,0.001254
726,65.67188372,0.001259
727,65.63533927,0.001246
728,65.59881906,0.001270
729,65.56232308,0.001243
730,65.52585131,0.001267
731,65.48940373,0.001248
732,65.45298032,0.001262
733,65.41658107,0.001239
734,65.38020595,0.001265
735,65.34385496,0.001240
736,65.30752807,0.001258
737,65.27122526,0.001243
738,65.23494652,0.001263
739,65.19869183,0.001243
740,65.16246116,0.001260
741,65.12625451,0.001241
742,65.09007186,0.001253
743,65.05391319,0.001245
744,65.01777847,0.001258
745,64.98166769,0.001240
746,64.94558085,0.001260
747,64.90951790,0.001243
748,64.87347885,0.001256
749,64.83746367,0.001242
750,64.80147234,0.001255
751,64.76550485,0.001238
752,64.72956117,0.001257
753,64.69364130,0.001240
754,64.65774521,0.001258
755,64.62187289,0.001239
756,64.58602432,0.001253
757,64.55019947,0.001246
758,64.51439834,0.001256
759,64.47862091,0.001246
760,64.44286715,0.001261
761,64.40713706,0.001243
762,64.37143061,0.001257
763,64.33574778,0.001235
764,64.30008856,0.001259
765,64.26445294,0.001239
766,64.22884089,0.001253
767,64.19325239,0.001238
768,64.15768743,0.001255
769,64.12214600,0.001251
770,64.08662807,0.001257
771,64.05113363,0.001244
772,64.01566265,0.001258
773,63.98021513,0.001237
774,63.94479104,0.001257
775,63.90939037,0.001240
776,63.87401310,0.001257
777,63.83865922,0.001246
778,63.80332870,0.001257
779,63.76802153,0.001243
780,63.73273769,0.001251
781,63.69747716,0.001245
782,63.66223994,0.001257
783,63.62702599,0.001241
784,63.59183530,0.001260
785,63.55666786,0.001242
786,63.52152365,0.001257
787,63.48640265,0.001237
788,63.45130485,0.001259
789,63.41623022,0.001240
790,63.38117875,0.001254
791,63.34615043,0.001237
792,63.31114523,0.001262
793,63.27616314,0.001233
794,63.24120414,0.001250
795,63.20626822,0.001247
796,63.17135536,0.001259
797,63.13646553,0.001240
798,63.10159873,0.001255
799,63.06675494,0.001241
800,63.03193414,0.001259
801,62.99713631,0.001246
802,62.96236144,0.001253
803,62.92760950,0.001240
804,62.89288049,0.001256
805,62.85817439,0.001240
806,62.82349117,0.001258
807,62.78883083,0.001241
808,62.75419334,0.001258
809,62.71957869,0.001240
810,62.68498686,0.001259
811,62.65041783,0.001243
812,62.61587160,0.001258
813,62.58134813,0.001241
814,62.54684742,0.001258
815,62.51236945,0.001237
816,62.47791419,0.001261
817,62.44348165,0.001237
818,62.40907178,0.001256
819,62.37468459,0.001239
820,62.34032006,0.001258
821,62.30597816,0.001239
822,62.27165888,0.001257
823,62.23736221,0.001242
824,62.20308813,0.001261
825,62.16883661,0.001242
826,62.13460765,0.001260
827,62.10040123,0.001233
828,62.06621733,0.001260
829,62.03205593,0.001238
830,61.99791703,0.001260
831,61.96380059,0.001235
832,61.92970661,0.001257
833,61.89563507,0.001245
834,61.86158595,0.001256
835,61.82755923,0.001239
836,61.79355491,0.001254
837,61.75957296,0.001237
838,61.72561336,0.001263
839,61.69167611,0.001246
840,61.65776117,0.001256
841,61.62386855,0.001242
842,61.58999821,0.001259
843,61.55615015,0.001238
844,61.52232435,0.001259
845,61.48852079,0.001238
846,61.45473946,0.001254
847,61.42098033,0.001238
848,61.38724340,0.001253
849,61.35352864,0.001235
850,61.31983604,0.001252
851,61.28616559,0.001245
852,61.25251727,0.001256
853,61.21889105,0.001239
854,61.18528694,0.001256
855,61.15170490,0.001241
856,61.11814492,0.001266
857,61.08460699,0.001239
858,61.05109109,0.001260
859,61.01759721,0.001241
860,60.98412532,0.001259
861,60.95067541,0.001238
862,60.91724747,0.001257
863,60.88384148,0.001238
864,60.85045743,0.001258
865,60.81709529,0.001246
866,60.78375505,0.001259
867,60.75043670,0.001239
868,60.71714022,0.001256
869,60.68386559,0.001243
870,60.65061280,0.001257
871,60.61738183,0.001240
872,60.58417266,0.001257
873,60.55098529,0.001242
874,60.51781969,0.001258
875,60.48467584,0.001242
876,60.45155374,0.001262
877,60.41845336,0.001244
878,60.38537469,0.001256
879,60.35231772,0.001236
880,60.31928242,0.001256
881,60.28626879,0.001242
882,60.25327680,0.001257
883,60.22030644,0.001240
884,60.18735769,0.001257
885,60.15443055,0.001242
886,60.12152499,0.001252
887,60.08864099,0.001247
888,60.05577854,0.001257
889,60.02293763,0.001244
890,59.99011824,0.001256
891,59.95732036,0.001236
892,59.92454396,0.001261
893,59.89178903,0.001238
894,59.85905556,0.001257
895,59.82634354,0.001238
896,59.79365293,0.001257
897,59.76098374,0.001247
898,59.72833594,0.001256
899,59.69570952,0.001243
900,59.66310446,0.001259
901,59.63052074,0.001242
902,59.59795836,0.001258
903,59.56541730,0.001239
904,59.53289753,0.001254
905,59.50039905,0.001237
906,59.46792184,0.001261
907,59.43546588,0.001238
908,59.40303116,0.001260
909,59.37061766,0.001240
910,59.33822537,0.001255
911,59.30585427,0.001242
912,59.27350434,0.001260
913,59.24117558,0.001238
914,59.20886796,0.001260
915,59.17658147,0.001236
916,59.14431609,0.001260
917,59.11207182,0.001238
918,59.07984862,0.001261
919,59.04764649,0.001244
920,59.01546542,0.001256
921,58.98330538,0.001243
922,58.95116636,0.001256
923,58.91904835,0.001247
924,58.88695133,0.001256
925,58.85487529,0.001240
926,58.82282021,0.001254
927,58.79078607,0.001238
928,58.75877286,0.001259
929,58.72678056,0.001245
930,58.69480916,0.001260
931,58.66285865,0.001246
932,58.63092901,0.001263
933,58.59902021,0.001242
934,58.56713226,0.001255
935,58.53526513,0.001241
936,58.50341881,0.001260
937,58.47159327,0.001244
938,58.43978852,0.001258
939,58.40800453,0.001240
940,58.37624128,0.001252
941,58.34449877,0.001241
942,58.31277697,0.001256
943,58.28107588,0.001239
944,58.24939547,0.001256
945,58.21773573,0.001242
946,58.18609665,0.001257
947,58.15447821,0.001242
948,58.12288039,0.001256
949,58.09130319,0.001244
950,58.05974658,0.001257
951,58.02821055,0.001248
952,57.99669509,0.001259
953,57.96520018,0.001244
954,57.93372581,0.001266
955,57.90227195,0.001239
956,57.87083861,0.001254
957,57.83942575,0.001238
958,57.80803337,0.001250
959,57.77666145,0.001240
960,57.74530998,0.001258
961,57.71397893,0.001243
962,57.68266831,0.001257
963,57.65137808,0.001241
964,57.62010825,0.001264
965,57.58885878,0.001236
966,57.55762967,0.001258
967,57.52642090,0.001240
968,57.49523246,0.001258
969,57.46406434,0.001245
970,57.43291651,0.001253
971,57.40178896,0.001239
972,57.37068168,0.001251
973,57.33959466,0.001243
974,57.30852787,0.001262
975,57.27748131,0.001235
976,57.24645495,0.001258
977,57.21544880,0.001242
978,57.18446282,0.001260
979,57.15349700,0.001246
980,57.12255134,0.001262
981,57.09162581,0.001239
982,57.06072040,0.001259
983,57.02983510,0.001241
984,56.99896989,0.001256
985,56.96812476,0.001243
986,56.93729969,0.001259
987,56.90649466,0.001236
988,56.87570967,0.001261
989,56.84494470,0.001238
990,56.81419974,0.001259
991,56.78347476,0.001238
992,56.75276976,0.001261
993,56.72208471,0.001238
994,56.69141962,0.001258
995,56.66077445,0.001241
996,56.63014921,0.001260
997,56.59954386,0.001242
998,56.56895840,0.001257
999,56.53839282,0.001243
1000,56.50784709,0.001262
1001,56.47732121,0.001244
1002,56.44681516,0.001255
1003,56.41632893,0.001239
1004,56.38586250,0.001258
1005,56.35541585,0.001239
1006,56.32498898,0.001252
1007,56.29458186,0.001242
1008,56.26419449,0.001260
1009,56.23382685,0.001243
1010,56.20347892,0.001258
1011,56.17315069,0.001239
1012,56.14284215,0.001256
1013,56.11255329,0.001240
1014,56.08228408,0.001260
1015,56.05203451,0.001242
1016,56.02180457,0.001258
1017,55.99159425,0.001243
1018,55.96140353,0.001259
1019,55.93123239,0.001238
1020,55.90108083,0.001259
1021,55.87094883,0.001238
1022,55.84083637,0.001265
1023,55.81074344,0.001240
1024,55.78067002,0.001258
1025,55.75061611,0.001248
1026,55.72058168,0.001257
1027,55.69056672,0.001245
1028,55.66057123,0.001262
1029,55.63059518,0.001245
1030,55.60063856,0.001259
1031,55.57070136,0.001238
1032,55.54078356,0.001261
1033,55.51088514,0.001245
1034,55.48100611,0.001257
1035,55.45114643,0.001239
1036,55.42130610,0.001253
1037,55.39148510,0.001239
1038,55.36168341,0.001254
1039,55.33190104,0.001245
1040,55.30213795,0.001266
1041,55.27239414,0.001244
1042,55.24266959,0.001263
1043,55.21296429,0.001244
1044,55.18327822,0.001261
1045,55.15361137,0.001238
1046,55.12396373,0.001251
1047,55.09433529,0.001243
1048,55.06472602,0.001255
1049,55.03513591,0.001242
1050,55.00556496,0.001259
1051,54.97601314,0.001236
1052,54.94648044,0.001257
1053,54.91696686,0.001241
1054,54.88747237,0.001259
1055,54.85799696,0.001241
1056,54.82854062,0.001256
1057,54.79910333,0.001246
1058,54.76968508,0.001256
1059,54.74028586,0.001234
1060,54.71090565,0.001257
1061,54.68154443,0.001240
1062,54.65220221,0.001255
1063,54.62287895,0.001246
1064,54.59357465,0.001253
1065,54.56428930,0.001239
1066,54.53502287,0.001262
1067,54.50577536,0.001238
1068,54.47654676,0.001261
1069,54.44733704,0.001238
1070,54.41814619,0.001254
1071,54.38897421,0.001241
1072,54.35982108,0.001255
1073,54.33068678,0.001244
1074,54.30157130,0.001262
1075,54.27247462,0.001241
1076,54.24339674,0.001257
1077,54.21433764,0.001247
1078,54.18529731,0.001256
1079,54.15627572,0.001244
1080,54.12727288,0.001261
1081,54.09828876,0.001239
1082,54.06932335,0.001261
1083,54.04037665,0.001237
1084,54.01144862,0.001257
1085,53.98253927,0.001240
1086,53.95364857,0.001259
1087,53.92477652,0.001240
1088,53.89592310,0.001264
1089,53.86708830,0.001247
1090,53.83827210,0.001253
1091,53.80947449,0.001243
1092,53.78069545,0.001258
1093,53.75193498,0.001244
1094,53.72319306,0.001261
1095,53.69446968,0.001243
1096,53.66576482,0.001266
1097,53.63707847,0.001251
1098,53.60841062,0.001262
1099,53.57976124,0.001244
1100,53.55113034,0.001259
1101,53.52251790,0.001252
1102,53.49392389,0.001256
1103,53.46534832,0.001241
1104,53.43679116,0.001261
1105,53.40825241,0.001241
1106,53.37973204,0.001258
1107,53.35123006,0.001238
1108,53.32274643,0.001254
1109,53.29428116,0.001239
1110,53.26583422,0.001261
1111,53.23740560,0.001238
1112,53.20899530,0.001256
1113,53.18060329,0.001246
1114,53.15222956,0.001260
1115,53.12387411,0.001239
1116,53.09553691,0.001263
1117,53.06721796,0.001242
1118,53.03891724,0.001259
1119,53.01063473,0.001240
1120,52.98237043,0.001257
1121,52.95412432,0.001243
1122,52.92589639,0.001261
1123,52.89768663,0.001246
1124,52.86949501,0.001263
1125,52.84132154,0.001248
1126,52.81316619,0.001267
1127,52.78502895,0.001249
1128,52.75690982,0.001266
1129,52.72880877,0.001249
1130,52.70072579,0.001263
1131,52.67266088,0.001246
1132,52.64461401,0.001271
1133,52.61658518,0.001246
1134,52.58857436,0.001278
1135,52.56058156,0.001246
1136,52.53260675,0.001270
1137,52.50464993,0.001254
1138,52.47671107,0.001273
1139,52.44879017,0.001251
1140,52.42088722,0.001271
1141,52.39300219,0.001253
1142,52.36513509,0.001267
1143,52.33728588,0.001254
1144,52.30945457,0.001265
1145,52.28164114,0.001252
1146,52.25384558,0.001264
1147,52.22606787,0.001248
1148,52.19830799,0.001267
1149,52.17056595,0.001253
1150,52.14284172,0.001267
1151,52.11513529,0.001249
1152,52.08744666,0.001261
1153,52.05977579,0.001255
1154,52.03212270,0.001265
1155,52.00448735,0.001250
1156,51.97686974,0.001269
1157,51.94926985,0.001250
1158,51.92168768,0.001266
1159,51.89412321,0.001250
1160,51.86657642,0.001265
1161,51.83904731,0.001242
1162,51.81153586,0.001274
1163,51.78404206,0.001248
1164,51.75656589,0.001264
1165,51.72910735,0.001247
1166,51.70166642,0.001267
1167,51.67424308,0.001251
1168,51.64683733,0.001263
1169,51.61944916,0.001245
1170,51.59207854,0.001254
1171,51.56472547,0.001243
1172,51.53738994,0.001259
1173,51.51007192,0.001248
1174,51.48277142,0.001259
1175,51.45548841,0.001242
1176,51.42822289,0.001257
1177,51.40097484,0.001248
1178,51.37374425,0.001259
1179,51.34653110,0.001240
1180,51.31933539,0.001263
1181,51.29215710,0.001248
1182,51.26499622,0.001257
1183,51.23785274,0.001243
1184,51.21072664,0.001270
1185,51.18361791,0.001257
1186,51.15652654,0.001270
1187,51.12945251,0.001248
1188,51.10239582,0.001259
1189,51.07535645,0.001245
1190,51.04833439,0.001261
1191,51.02132963,0.001243
1192,50.99434215,0.001263
1193,50.96737194,0.001242
1194,50.94041900,0.001263
1195,50.91348330,0.001242
1196,50.88656483,0.001261
1197,50.85966358,0.001238
1198,50.83277955,0.001261
1199,50.80591271,0.001243
1200,50.77906306,0.001260
1201,50.75223058,0.001246
1202,50.72541526,0.001258
1203,50.69861709,0.001243
1204,50.67183606,0.001256
1205,50.64507214,0.001252
1206,50.61832534,0.001261
1207,50.59159564,0.001240
1208,50.56488302,0.001262
1209,50.53818748,0.001244
1210,50.51150900,0.001262
1211,50.48484758,0.001242
1212,50.45820318,0.001257
1213,50.43157582,0.001240
1214,50.40496546,0.001258
1215,50.37837211,0.001240
1216,50.35179575,0.001261
1217,50.32523636,0.001244
1218,50.29869394,0.001260
1219,50.27216846,0.001244
1220,50.24565993,0.001262
1221,50.21916833,0.001243
1222,50.19269364,0.001260
1223,50.16623586,0.001249
1224,50.13979497,0.001262
1225,50.11337095,0.001247
1226,50.08696381,0.001262
1227,50.06057351,0.001237
1228,50.03420007,0.001260
1229,50.00784345,0.001241
1230,49.98150365,0.001255
1231,49.95518066,0.001240
1232,49.92887446,0.001258
1233,49.90258505,0.001243
1234,49.87631241,0.001256
1235,49.85005652,0.001241
1236,49.82381738,0.001263
1237,49.79759498,0.001242
1238,49.77138930,0.001268
1239,49.74520033,0.001238
1240,49.71902806,0.001260
1241,49.69287247,0.001245
1242,49.66673356,0.001257
1243,49.64061132,0.001244
1244,49.61450572,0.001264
1245,49.58841676,0.001241
1246,49.56234443,0.001258
1247,49.53628872,0.001241
1248,49.51024960,0.001255
1249,49.48422708,0.001242
1250,49.45822114,0.001262
1251,49.43223177,0.001241
1252,49.40625895,0.001261
1253,49.38030268,0.001243
1254,49.35436294,0.001259
1255,49.32843971,0.001243
1256,49.30253300,0.001258
1257,49.27664278,0.001241
1258,49.25076905,0.001256
1259,49.22491179,0.001239
1260,49.19907100,0.001264
1261,49.17324665,0.001241
1262,49.14743874,0.001259
1263,49.12164725,0.001244
1264,49.09587218,0.001258
1265,49.07011351,0.001244
1266,49.04437123,0.001265
1267,49.01864533,0.001237
1268,48.99293580,0.001258
1269,48.96724262,0.001243
1270,48.94156579,0.001255
1271,48.91590529,0.001241
1272,48.89026111,0.001255
1273,48.86463324,0.001252
1274,48.83902166,0.001259
1275,48.81342638,0.001242
1276,48.78784736,0.001260
1277,48.76228461,0.001239
1278,48.73673810,0.001256
1279,48.71120784,0.001239
1280,48.68569380,0.001259
1281,48.66019598,0.001247
1282,48.63471437,0.001257
1283,48.60924894,0.001240
1284,48.58379970,0.001260
1285,48.55836662,0.001247
1286,48.53294971,0.001258
1287,48.50754894,0.001240
1288,48.48216430,0.001260
1289,48.45679579,0.001243
1290,48.43144339,0.001263
1291,48.40610709,0.001239
1292,48.38078688,0.001260
1293,48.35548274,0.001244
1294,48.33019468,0.001262
1295,48.30492266,0.001249
1296,48.27966669,0.001264
1297,48.25442675,0.001241
1298,48.22920283,0.001252
1299,48.20399492,0.001248
1300,48.17880300,0.001262
1301,48.15362707,0.001239
1302,48.12846712,0.001262
1303,48.10332313,0.001247
1304,48.07819509,0.001260
1305,48.05308298,0.001243
1306,48.02798681,0.001262
1307,48.00290656,0.001244
1308,47.97784221,0.001260
1309,47.95279375,0.001241
1310,47.92776118,0.001255
1311,47.90274448,0.001244
1312,47.87774364,0.001258
1313,47.85275866,0.001248
1314,47.82778950,0.001262
1315,47.80283618,0.001242
1316,47.77789867,0.001255
1317,47.75297696,0.001247
1318,47.72807105,0.001261
1319,47.70318092,0.001241
1320,47.67830656,0.001259
1321,47.65344796,0.001239
1322,47.62860510,0.001263
1323,47.60377799,0.001245
1324,47.57896659,0.001263
1325,47.55417092,0.001243
1326,47.52939094,0.001259
1327,47.50462666,0.001242
1328,47.47987806,0.001263
1329,47.45514512,0.001241
1330,47.43042785,0.001267
1331,47.40572622,0.001243
1332,47.38104023,0.001262
1333,47.35636986,0.001243
1334,47.33171511,0.001260
1335,47.30707596,0.001243
1336,47.28245240,0.001259
1337,47.25784442,0.001242
1338,47.23325201,0.001255
1339,47.20867516,0.001241
1340,47.18411386,0.001261
1341,47.15956809,0.001239
1342,47.13503785,0.001262
1343,47.11052312,0.001240
1344,47.08602389,0.001260
1345,47.06154016,0.001253
1346,47.03707190,0.001260
1347,47.01261912,0.001244
1348,46.98818179,0.001259
1349,46.96375991,0.001242
1350,46.93935347,0.001259
1351,46.91496246,0.001245
1352,46.89058686,0.001258
1353,46.86622666,0.001244
1354,46.84188186,0.001262
1355,46.81755244,0.001238
1356,46.79323839,0.001258
1357,46.76893970,0.001241
1358,46.74465636,0.001259
1359,46.72038835,0.001242
1360,46.69613568,0.001262
1361,46.67189832,0.001243
1362,46.64767626,0.001262
1363,46.62346950,0.001238
1364,46.59927803,0.001256
1365,46.57510183,0.001246
1366,46.55094089,0.001259
1367,46.52679520,0.001241
1368,46.50266475,0.001261
1369,46.47854953,0.001244
1370,46.45444953,0.001258
1371,46.43036473,0.001239
1372,46.40629514,0.001257
1373,46.38224073,0.001241
1374,46.35820149,0.001265
1375,46.33417742,0.001237
1376,46.31016851,0.001255
1377,46.28617474,0.001250
1378,46.26219610,0.001258
1379,46.23823258,0.001239
1380,46.21428417,0.001258
1381,46.19035086,0.001243
1382,46.16643264,0.001255
1383,46.14252951,0.001241
1384,46.11864143,0.001260
1385,46.09476842,0.001241
1386,46.07091045,0.001259
1387,46.04706752,0.001243
1388,46.02323962,0.001258
1389,45.99942672,0.001241
1390,45.97562884,0.001258
1391,45.95184594,0.001244
1392,45.92807803,0.001261
1393,45.90432509,0.001241
1394,45.88058711,0.001256
1395,45.85686409,0.001241
1396,45.83315600,0.001260
1397,45.80946284,0.001244
1398,45.78578460,0.001260
1399,45.76212127,0.001242
1400,45.73847284,0.001264
1401,45.71483930,0.001244
1402,45.69122063,0.001262
1403,45.66761682,0.001245
1404,45.64402788,0.001262
1405,45.62045378,0.001244
1406,45.59689451,0.001256
1407,45.57335007,0.001244
1408,45.54982044,0.001262
1409,45.52630561,0.001244
1410,45.50280558,0.001258
1411,45.47932032,0.001244
1412,45.45584984,0.001256
1413,45.43239412,0.001240
1414,45.40895315,0.001254
1415,45.38552693,0.001239
1416,45.36211543,0.001260
1417,45.33871865,0.001246
1418,45.31533658,0.001262
1419,45.29196920,0.001238
1420,45.26861652,0.001254
1421,45.24527851,0.001243
1422,45.22195517,0.001255
1423,45.19864649,0.001239
1424,45.17535245,0.001258
1425,45.15207305,0.001238
1426,45.12880828,0.001261
1427,45.10555812,0.001239
1428,45.08232257,0.001256
1429,45.05910161,0.001239
1430,45.03589523,0.001263
1431,45.01270343,0.001241
1432,44.98952619,0.001254
1433,44.96636351,0.001242
1434,44.94321537,0.001256
1435,44.92008176,0.001242
1436,44.89696267,0.001260
1437,44.87385810,0.001236
1438,44.85076803,0.001257
1439,44.82769245,0.001238
1440,44.80463135,0.001258
1441,44.78158472,0.001251
1442,44.75855255,0.001254
1443,44.73553484,0.001239
1444,44.71253156,0.001260
1445,44.68954271,0.001242
1446,44.66656829,0.001260
1447,44.64360827,0.001241
1448,44.62066266,0.001267
1449,44.59773143,0.001240
1450,44.57481459,0.001256
1451,44.55191211,0.001239
1452,44.52902399,0.001261
1453,44.50615022,0.001236
1454,44.48329079,0.001258
1455,44.46044568,0.001236
1456,44.43761490,0.001258
1457,44.41479842,0.001246
1458,44.39199625,0.001262
1459,44.36920836,0.001247
1460,44.34643474,0.001262
1461,44.32367540,0.001244
1462,44.30093031,0.001259
1463,44.27819947,0.001265
1464,44.25548287,0.001266
1465,44.23278050,0.001246
1466,44.21009234,0.001264
1467,44.18741840,0.001240
1468,44.16475865,0.001265
1469,44.14211308,0.001240
1470,44.11948170,0.001257
1471,44.09686448,0.001242
1472,44.07426142,0.001254
1473,44.05167250,0.001251
1474,44.02909773,0.001258
1475,44.00653708,0.001236
1476,43.98399055,0.001262
1477,43.96145812,0.001240
1478,43.93893980,0.001256
1479,43.91643556,0.001243
1480,43.89394540,0.001259
1481,43.87146930,0.001245
1482,43.84900727,0.001258
1483,43.82655928,0.001237
1484,43.80412533,0.001258
1485,43.78170541,0.001243
1486,43.75929951,0.001259
1487,43.73690761,0.001246
1488,43.71452971,0.001258
1489,43.69216581,0.001242
1490,43.66981588,0.001253
1491,43.64747992,0.001240
1492,43.62515791,0.001254
1493,43.60284986,0.001239
1494,43.58055575,0.001257
1495,43.55827556,0.001234
1496,43.53600930,0.001262
1497,43.51375694,0.001241
1498,43.49151849,0.001255
1499,43.46929392,0.001238
1500,43.44708324,0.001257
1501,43.42488643,0.001242
1502,43.40270347,0.001264
1503,43.38053437,0.001240
1504,43.35837911,0.001257
1505,43.33623768,0.001246
1506,43.31411008,0.001253
1507,43.29199628,0.001239
1508,43.26989629,0.001256
1509,43.24781009,0.001239
1510,43.22573767,0.001256
1511,43.20367903,0.001243
1512,43.18163415,0.001256
1513,43.15960302,0.001240
1514,43.13758564,0.001257
1515,43.11558199,0.001245
1516,43.09359206,0.001260
1517,43.07161586,0.001242
1518,43.04965335,0.001259
1519,43.02770455,0.001247
1520,43.00576942,0.001256
1521,42.98384798,0.001241
1522,42.96194020,0.001260
1523,42.94004608,0.001244
1524,42.91816561,0.001253
1525,42.89629877,0.001240
1526,42.87444557,0.001257
1527,42.85260598,0.001232
1528,42.83078000,0.001262
1529,42.80896762,0.001246
1530,42.78716884,0.001255
1531,42.76538363,0.001242
1532,42.74361199,0.001252
1533,42.72185392,0.001239
1534,42.70010939,0.001257
1535,42.67837841,0.001236
1536,42.65666096,0.001259
1537,42.63495704,0.001239
1538,42.61326663,0.001256
1539,42.59158972,0.001242
1540,42.56992631,0.001257
1541,42.54827638,0.001236
1542,42.52663993,0.001258
1543,42.50501695,0.001240
1544,42.48340742,0.001260
1545,42.46181134,0.001247
1546,42.44022870,0.001256
1547,42.41865949,0.001237
1548,42.39710369,0.001256
1549,42.37556131,0.001240
1550,42.35403232,0.001258
1551,42.33251673,0.001237
1552,42.31101452,0.001255
1553,42.28952568,0.001241
1554,42.26805020,0.001256
1555,42.24658808,0.001241
1556,42.22513930,0.001256
1557,42.20370385,0.001237
1558,42.18228173,0.001259
1559,42.16087293,0.001245
1560,42.13947743,0.001262
1561,42.11809523,0.001250
1562,42.09672632,0.001269
1563,42.07537068,0.001248
1564,42.05402832,0.001265
1565,42.03269921,0.001252
1566,42.01138336,0.001269
1567,41.99008075,0.001247
1568,41.96879136,0.001273
1569,41.94751520,0.001258
1570,41.92625226,0.001271
1571,41.90500252,0.001249
1572,41.88376597,0.001269
1573,41.86254261,0.001253
1574,41.84133242,0.001267
1575,41.82013541,0.001251
1576,41.79895155,0.001268
1577,41.77778083,0.001250
1578,41.75662326,0.001264
1579,41.73547882,0.001250
1580,41.71434750,0.001279
1581,41.69322929,0.001245
1582,41.67212418,0.001274
1583,41.65103217,0.001247
1584,41.62995324,0.001264
1585,41.60888739,0.001249
1586,41.58783460,0.001268
1587,41.56679487,0.001252
1588,41.54576818,0.001268
1589,41.52475454,0.001253
1590,41.50375392,0.001267
1591,41.48276633,0.001251
1592,41.46179174,0.001275
1593,41.44083016,0.001252
1594,41.41988157,0.001267
1595,41.39894596,0.001253
1596,41.37802333,0.001271
1597,41.35711366,0.001249
1598,41.33621695,0.001271
1599,41.31533319,0.001255
1600,41.29446236,0.001274
1601,41.27360447,0.001248
1602,41.25275949,0.001270
1603,41.23192743,0.001246
1604,41.21110827,0.001258
1605,41.19030200,0.001241
1606,41.16950861,0.001268
1607,41.14872810,0.001247
1608,41.12796046,0.001270
1609,41.10720567,0.001243
1610,41.08646373,0.001258
1611,41.06573463,0.001240
1612,41.04501836,0.001258
1613,41.02431491,0.001241
1614,41.00362427,0.001263
1615,40.98294644,0.001245
1616,40.96228140,0.001263
1617,40.94162914,0.001244
1618,40.92098967,0.001254
1619,40.90036295,0.001243
1620,40.87974900,0.001259
1621,40.85914780,0.001241
1622,40.83855933,0.001262
1623,40.81798360,0.001246
1624,40.79742059,0.001261
1625,40.77687030,0.001244
1626,40.75633271,0.001261
1627,40.73580781,0.001244
1628,40.71529561,0.001262
1629,40.69479608,0.001245
1630,40.67430922,0.001257
1631,40.65383502,0.001246
1632,40.63337347,0.001258
1633,40.61292457,0.001243
1634,40.59248830,0.001260
1635,40.57206465,0.001239
1636,40.55165362,0.001261
1637,40.53125520,0.001248
1638,40.51086938,0.001257
1639,40.49049615,0.001242
1640,40.47013550,0.001253
1641,40.44978742,0.001239
1642,40.42945190,0.001260
1643,40.40912894,0.001243
1644,40.38881853,0.001262
1645,40.36852065,0.001243
1646,40.34823530,0.001257
1647,40.32796247,0.001243
1648,40.30770215,0.001260
1649,40.28745434,0.001239
1650,40.26721902,0.001254
1651,40.24699618,0.001247
1652,40.22678582,0.001256
1653,40.20658792,0.001239
1654,40.18640249,0.001253
1655,40.16622950,0.001238
1656,40.14606896,0.001255
1657,40.12592085,0.001248
1658,40.10578516,0.001258
1659,40.08566189,0.001242
1660,40.06555103,0.001260
1661,40.04545256,0.001239
1662,40.02536648,0.001260
1663,40.00529278,0.001246
1664,39.98523146,0.001262
1665,39.96518250,0.001240
1666,39.94514589,0.001256
1667,39.92512163,0.001243
1668,39.90510971,0.001260
1669,39.88511011,0.001242
1670,39.86512284,0.001252
1671,39.84514788,0.001240
1672,39.82518522,0.001264
1673,39.80523486,0.001244
1674,39.78529678,0.001258
1675,39.76537098,0.001242
1676,39.74545745,0.001261
1677,39.72555617,0.001241
1678,39.70566716,0.001257
1679,39.68579038,0.001238
1680,39.66592584,0.001253
1681,39.64607352,0.001243
1682,39.62623343,0.001256
1683,39.60640554,0.001241
1684,39.58658985,0.001264
1685,39.56678636,0.001238
1686,39.54699505,0.001259
1687,39.52721591,0.001242
1688,39.50744894,0.001259
1689,39.48769413,0.001240
1690,39.46795147,0.001262
1691,39.44822095,0.001239
1692,39.42850256,0.001261
1693,39.40879630,0.001237
1694,39.38910215,0.001254
1695,39.36942012,0.001239
1696,39.34975018,0.001262
1697,39.33009233,0.001250
1698,39.31044656,0.001260
1699,39.29081287,0.001241
1700,39.27119124,0.001256
1701,39.25158167,0.001244
1702,39.23198415,0.001263
1703,39.21239867,0.001242
1704,39.19282522,0.001259
1705,39.17326379,0.001246
1706,39.15371438,0.001262
1707,39.13417698,0.001240
1708,39.11465158,0.001256
1709,39.09513816,0.001244
1710,39.07563673,0.001261
1711,39.05614727,0.001245
1712,39.03666978,0.001262
1713,39.01720424,0.001239
1714,38.99775065,0.001264
1715,38.97830900,0.001245
1716,38.95887929,0.001255
1717,38.93946149,0.001238
1718,38.92005562,0.001264
1719,38.90066165,0.001240
1720,38.88127957,0.001257
1721,38.86190939,0.001243
1722,38.84255110,0.001263
1723,38.82320467,0.001239
1724,38.80387011,0.001262
1725,38.78454741,0.001236
1726,38.76523656,0.001256
1727,38.74593755,0.001242
1728,38.72665037,0.001261
1729,38.70737502,0.001246
1730,38.68811148,0.001264
1731,38.66885975,0.001243
1732,38.64961982,0.001259
1733,38.63039168,0.001249
1734,38.61117533,0.001259
1735,38.59197075,0.001240
1736,38.57277794,0.001262
1737,38.55359689,0.001249
1738,38.53442759,0.001266
1739,38.51527003,0.001244
1740,38.49612420,0.001261
1741,38.47699011,0.001244
1742,38.45786773,0.001256
1743,38.43875706,0.001240
1744,38.41965809,0.001262
1745,38.40057082,0.001246
1746,38.38149523,0.001259
1747,38.36243132,0.001239
1748,38.34337909,0.001257
1749,38.32433851,0.001242
1750,38.30530958,0.001252
1751,38.28629230,0.001241
1752,38.26728666,0.001260
1753,38.24829265,0.001246
1754,38.22931026,0.001261
1755,38.21033948,0.001246
1756,38.19138031,0.001264
1757,38.17243273,0.001243
1758,38.15349674,0.001265
1759,38.13457233,0.001250
1760,38.11565950,0.001258
1761,38.09675823,0.001247
1762,38.07786852,0.001258
1763,38.05899036,0.001242
1764,38.04012373,0.001262
1765,38.02126865,0.001241
1766,38.00242508,0.001257
1767,37.98359303,0.001244
1768,37.96477249,0.001258
1769,37.94596346,0.001244
1770,37.92716591,0.001258
1771,37.90837985,0.001238
1772,37.88960527,0.001260
1773,37.87084215,0.001244
1774,37.85209050,0.001260
1775,37.83335030,0.001243
1776,37.81462155,0.001263
1777,37.79590423,0.001240
1778,37.77719834,0.001262
1779,37.75850387,0.001246
1780,37.73982082,0.001259
1781,37.72114918,0.001242
1782,37.70248893,0.001258
1783,37.68384007,0.001241
1784,37.66520259,0.001260
1785,37.64657649,0.001245
1786,37.62796175,0.001256
1787,37.60935837,0.001241
1788,37.59076634,0.001260
1789,37.57218566,0.001245
1790,37.55361631,0.001264
1791,37.53505828,0.001240
1792,37.51651158,0.001263
1793,37.49797619,0.001242
1794,37.47945210,0.001261
1795,37.46093931,0.001242
1796,37.44243780,0.001259
1797,37.42394757,0.001279
1798,37.40546862,0.001278
1799,37.38700093,0.001234
1800,37.36854450,0.001260
1801,37.35009932,0.001239
1802,37.33166537,0.001262
1803,37.31324267,0.001244
1804,37.29483118,0.001258
1805,37.27643092,0.001233
1806,37.25804186,0.001255
1807,37.23966401,0.001244
1808,37.22129735,0.001259
1809,37.20294188,0.001244
1810,37.18459759,0.001253
1811,37.16626447,0.001239
1812,37.14794251,0.001259
1813,37.12963171,0.001242
1814,37.11133206,0.001260
1815,37.09304354,0.001246
1816,37.07476617,0.001262
1817,37.05649991,0.001243
1818,37.03824477,0.001254
1819,37.02000075,0.001240
1820,37.00176782,0.001254
1821,36.98354599,0.001246
1822,36.96533525,0.001258
1823,36.94713559,0.001245
1824,36.92894699,0.001264
1825,36.91076946,0.001244
1826,36.89260299,0.001261
1827,36.87444757,0.001240
1828,36.85630319,0.001258
1829,36.83816984,0.001240
1830,36.82004751,0.001269
1831,36.80193621,0.001242
1832,36.78383591,0.001258
1833,36.76574662,0.001241
1834,36.74766832,0.001255
1835,36.72960102,0.001250
1836,36.71154469,0.001263
1837,36.69349933,0.001239
1838,36.67546494,0.001263
1839,36.65744151,0.001242
1840,36.63942902,0.001261
1841,36.62142748,0.001240
1842,36.60343688,0.001260
1843,36.58545720,0.001243
1844,36.56748844,0.001257
1845,36.54953059,0.001242
1846,36.53158365,0.001258
1847,36.51364760,0.001241
1848,36.49572245,0.001260
1849,36.47780818,0.001244
1850,36.45990478,0.001258
1851,36.44201225,0.001241
1852,36.42413058,0.001256
1853,36.40625976,0.001239
1854,36.38839978,0.001257
1855,36.37055064,0.001242
1856,36.35271234,0.001258
1857,36.33488485,0.001245
1858,36.31706818,0.001254
1859,36.29926232,0.001242
1860,36.28146726,0.001255
1861,36.26368299,0.001239
1862,36.24590950,0.001255
1863,36.22814680,0.001238
1864,36.21039486,0.001260
1865,36.19265368,0.001242
1866,36.17492327,0.001256
1867,36.15720360,0.001243
1868,36.13949467,0.001254
1869,36.12179647,0.001239
1870,36.10410900,0.001261
1871,36.08643225,0.001240
1872,36.06876621,0.001267
1873,36.05111087,0.001240
1874,36.03346623,0.001261
1875,36.01583228,0.001243
1876,35.99820901,0.001256
1877,35.98059641,0.001240
1878,35.96299448,0.001257
1879,35.94540321,0.001242
1880,35.92782260,0.001263
1881,35.91025262,0.001240
1882,35.89269329,0.001259
1883,35.87514459,0.001237
1884,35.85760650,0.001261
1885,35.84007904,0.001240
1886,35.82256218,0.001252
1887,35.80505593,0.001240
1888,35.78756027,0.001257
1889,35.77007519,0.001248
1890,35.75260070,0.001255
1891,35.73513677,0.001240
1892,35.71768341,0.001261
1893,35.70024061,0.001235
1894,35.68280836,0.001263
1895,35.66538665,0.001238
1896,35.64797548,0.001267
1897,35.63057484,0.001237
1898,35.61318471,0.001263
1899,35.59580511,0.001245
1900,35.57843600,0.001259
1901,35.56107740,0.001243
1902,35.54372929,0.001253
1903,35.52639167,0.001245
1904,35.50906452,0.001254
1905,35.49174785,0.001247
1906,35.47444163,0.001255
1907,35.45714588,0.001242
1908,35.43986057,0.001256
1909,35.42258571,0.001243
1910,35.40532128,0.001262
1911,35.38806728,0.001244
1912,35.37082370,0.001259
1913,35.35359053,0.001239
1914,35.33636777,0.001258
1915,35.31915541,0.001243
1916,35.30195344,0.001255
1917,35.28476185,0.001239
1918,35.26758064,0.001251
1919,35.25040981,0.001242
1920,35.23324933,0.001257
1921,35.21609922,0.001248
1922,35.19895945,0.001259
1923,35.18183002,0.001235
1924,35.16471093,0.001266
1925,35.14760217,0.001240
1926,35.13050373,0.001257
1927,35.11341560,0.001243
1928,35.09633778,0.001262
1929,35.07927026,0.001241
1930,35.06221303,0.001262
1931,35.04516609,0.001237
1932,35.02812943,0.001255
1933,35.01110303,0.001243
1934,34.99408691,0.001256
1935,34.97708104,0.001243
1936,34.96008542,0.001263
1937,34.94310004,0.001237
1938,34.92612490,0.001252
1939,34.90915999,0.001244
1940,34.89220530,0.001255
1941,34.87526083,0.001245
1942,34.85832656,0.001252
1943,34.84140250,0.001241
1944,34.82448863,0.001260
1945,34.80758495,0.001239
1946,34.79069145,0.001256
1947,34.77380812,0.001245
1948,34.75693496,0.001256
1949,34.74007196,0.001242
1950,34.72321911,0.001255
1951,34.70637640,0.001244
1952,34.68954384,0.001262
1953,34.67272141,0.001241
1954,34.65590910,0.001256
1955,34.63910691,0.001238
1956,34.62231483,0.001260
1957,34.60553285,0.001249
1958,34.58876097,0.001260
1959,34.57199919,0.001245
1960,34.55524748,0.001269
1961,34.53850585,0.001243
1962,34.52177429,0.001254
1963,34.50505280,0.001241
1964,34.48834136,0.001256
1965,34.47163996,0.001241
1966,34.45494861,0.001259
1967,34.43826730,0.001240
1968,34.42159601,0.001262
1969,34.40493475,0.001235
1970,34.38828350,0.001261
1971,34.37164225,0.001243
1972,34.35501101,0.001267
1973,34.33838976,0.001249
1974,34.32177850,0.001262
1975,34.30517722,0.001244
1976,34.28858591,0.001260
1977,34.27200457,0.001243
1978,34.25543319,0.001260
1979,34.23887177,0.001244
1980,34.22232029,0.001257
1981,34.20577874,0.001235
1982,34.18924714,0.001255
1983,34.17272545,0.001247
1984,34.15621369,0.001263
1985,34.13971184,0.001247
1986,34.12321989,0.001262
1987,34.10673785,0.001241
1988,34.09026569,0.001261
1989,34.07380342,0.001238
1990,34.05735103,0.001255
1991,34.04090851,0.001240
1992,34.02447586,0.001261
1993,34.00805306,0.001242
1994,33.99164012,0.001259
1995,33.97523702,0.001251
1996,33.95884376,0.001264
1997,33.94246033,0.001244
1998,33.92608672,0.001279
1999,33.90972294,0.001256